Watching for file changes with StatReloader
C:\Users\haith\OneDrive\Bureau\backend\users\serializers.py changed, reloading.
Watching for file changes with StatReloader
C:\Users\haith\OneDrive\Bureau\backend\users\views.py changed, reloading.
Watching for file changes with StatReloader
C:\Users\haith\OneDrive\Bureau\backend\games\views.py changed, reloading.
Watching for file changes with StatReloader
C:\Users\haith\OneDrive\Bureau\backend\users\views.py changed, reloading.
Watching for file changes with StatReloader
C:\Users\haith\OneDrive\Bureau\backend\users\views.py changed, reloading.
Watching for file changes with StatReloader
C:\Users\haith\OneDrive\Bureau\backend\users\views.py changed, reloading.
Watching for file changes with StatReloader
C:\Users\haith\OneDrive\Bureau\backend\games\views.py changed, reloading.
Watching for file changes with StatReloader
Not Found: /
Not Found: /favicon.ico
C:\Users\haith\OneDrive\Bureau\backend\backend\urls.py changed, reloading.
Watching for file changes with StatReloader
C:\Users\haith\OneDrive\Bureau\backend\users\urls.py changed, reloading.
Watching for file changes with StatReloader
C:\Users\haith\OneDrive\Bureau\backend\games\urls.py changed, reloading.
Watching for file changes with StatReloader
C:\Users\haith\OneDrive\Bureau\backend\orders\urls.py changed, reloading.
Watching for file changes with StatReloader
C:\Users\haith\OneDrive\Bureau\backend\notifications\urls.py changed, reloading.
Watching for file changes with StatReloader
C:\Users\haith\OneDrive\Bureau\backend\notifications\views.py changed, reloading.
Watching for file changes with StatReloader
C:\Users\haith\OneDrive\Bureau\backend\notifications\admin.py changed, reloading.
Watching for file changes with StatReloader
Method Not Allowed: /api/users/register/
Bad Request: /api/users/register/
Bad Request: /api/users/register/
C:\Users\haith\OneDrive\Bureau\backend\orders\views.py changed, reloading.
Watching for file changes with StatReloader
C:\Users\haith\OneDrive\Bureau\backend\orders\urls.py changed, reloading.
Watching for file changes with StatReloader
C:\Users\haith\OneDrive\Bureau\backend\games\views.py changed, reloading.
Watching for file changes with StatReloader
C:\Users\haith\OneDrive\Bureau\backend\games\urls.py changed, reloading.
Watching for file changes with StatReloader
C:\Users\haith\OneDrive\Bureau\backend\games\views.py changed, reloading.
Watching for file changes with StatReloader
C:\Users\haith\OneDrive\Bureau\backend\backend\settings.py changed, reloading.
Watching for file changes with StatReloader
C:\Users\haith\OneDrive\Bureau\backend\backend\settings.py changed, reloading.
Watching for file changes with StatReloader
C:\Users\haith\OneDrive\Bureau\backend\backend\settings.py changed, reloading.
Watching for file changes with StatReloader
C:\Users\haith\OneDrive\Bureau\backend\backend\settings.py changed, reloading.
Watching for file changes with StatReloader
C:\Users\haith\OneDrive\Bureau\backend\backend\__init__.py changed, reloading.
Watching for file changes with StatReloader
C:\Users\haith\OneDrive\Bureau\backend\backend\settings.py changed, reloading.
Watching for file changes with StatReloader
Signal handler <bound method DjangoFixup.on_import_modules of <celery.fixups.django.DjangoFixup object at 0x00000246D8487B60>> raised: AttributeError("module 'games.views' has no attribute 'GameListView'")
Traceback (most recent call last):
  File "C:\Users\haith\AppData\Local\Programs\Python\Python312\Lib\site-packages\celery\utils\dispatch\signal.py", line 280, in send
    response = receiver(signal=self, sender=sender, **named)
               ^^^^^^^^^^^^^^^^^^^^^^^^^^^^^^^^^^^^^^^^^^^^^
  File "C:\Users\haith\AppData\Local\Programs\Python\Python312\Lib\site-packages\celery\fixups\django.py", line 103, in on_import_modules
    self.worker_fixup.validate_models()
  File "C:\Users\haith\AppData\Local\Programs\Python\Python312\Lib\site-packages\celery\fixups\django.py", line 154, in validate_models
    run_checks()
  File "C:\Users\haith\AppData\Local\Programs\Python\Python312\Lib\site-packages\django\core\checks\registry.py", line 89, in run_checks
    new_errors = check(app_configs=app_configs, databases=databases)
                 ^^^^^^^^^^^^^^^^^^^^^^^^^^^^^^^^^^^^^^^^^^^^^^^^^^^
  File "C:\Users\haith\AppData\Local\Programs\Python\Python312\Lib\site-packages\django\core\checks\urls.py", line 136, in check_custom_error_handlers
    handler = resolver.resolve_error_handler(status_code)
              ^^^^^^^^^^^^^^^^^^^^^^^^^^^^^^^^^^^^^^^^^^^
  File "C:\Users\haith\AppData\Local\Programs\Python\Python312\Lib\site-packages\django\urls\resolvers.py", line 743, in resolve_error_handler
    callback = getattr(self.urlconf_module, "handler%s" % view_type, None)
                       ^^^^^^^^^^^^^^^^^^^
  File "C:\Users\haith\AppData\Local\Programs\Python\Python312\Lib\site-packages\django\utils\functional.py", line 47, in __get__
    res = instance.__dict__[self.name] = self.func(instance)
                                         ^^^^^^^^^^^^^^^^^^^
  File "C:\Users\haith\AppData\Local\Programs\Python\Python312\Lib\site-packages\django\urls\resolvers.py", line 722, in urlconf_module
    return import_module(self.urlconf_name)
           ^^^^^^^^^^^^^^^^^^^^^^^^^^^^^^^^
  File "C:\Users\haith\AppData\Local\Programs\Python\Python312\Lib\importlib\__init__.py", line 90, in import_module
    return _bootstrap._gcd_import(name[level:], package, level)
           ^^^^^^^^^^^^^^^^^^^^^^^^^^^^^^^^^^^^^^^^^^^^^^^^^^^^
  File "<frozen importlib._bootstrap>", line 1387, in _gcd_import
  File "<frozen importlib._bootstrap>", line 1360, in _find_and_load
  File "<frozen importlib._bootstrap>", line 1331, in _find_and_load_unlocked
  File "<frozen importlib._bootstrap>", line 935, in _load_unlocked
  File "<frozen importlib._bootstrap_external>", line 999, in exec_module
  File "<frozen importlib._bootstrap>", line 488, in _call_with_frames_removed
  File "C:\Users\haith\OneDrive\Bureau\backend\backend\urls.py", line 56, in <module>
    path('api/games/', include('games.urls')),
                       ^^^^^^^^^^^^^^^^^^^^^
  File "C:\Users\haith\AppData\Local\Programs\Python\Python312\Lib\site-packages\django\urls\conf.py", line 39, in include
    urlconf_module = import_module(urlconf_module)
                     ^^^^^^^^^^^^^^^^^^^^^^^^^^^^^
  File "C:\Users\haith\AppData\Local\Programs\Python\Python312\Lib\importlib\__init__.py", line 90, in import_module
    return _bootstrap._gcd_import(name[level:], package, level)
           ^^^^^^^^^^^^^^^^^^^^^^^^^^^^^^^^^^^^^^^^^^^^^^^^^^^^
  File "<frozen importlib._bootstrap>", line 1387, in _gcd_import
  File "<frozen importlib._bootstrap>", line 1360, in _find_and_load
  File "<frozen importlib._bootstrap>", line 1331, in _find_and_load_unlocked
  File "<frozen importlib._bootstrap>", line 935, in _load_unlocked
  File "<frozen importlib._bootstrap_external>", line 999, in exec_module
  File "<frozen importlib._bootstrap>", line 488, in _call_with_frames_removed
  File "C:\Users\haith\OneDrive\Bureau\backend\games\urls.py", line 6, in <module>
    path('', views.GameListView.as_view(), name='game-list'),
             ^^^^^^^^^^^^^^^^^^
AttributeError: module 'games.views' has no attribute 'GameListView'. Did you mean: 'GameStatsView'?
Signal handler <bound method DjangoFixup.on_import_modules of <celery.fixups.django.DjangoFixup object at 0x00000193CDC1F170>> raised: AttributeError("module 'games.views' has no attribute 'GameListView'")
Traceback (most recent call last):
  File "C:\Users\haith\AppData\Local\Programs\Python\Python312\Lib\site-packages\celery\utils\dispatch\signal.py", line 280, in send
    response = receiver(signal=self, sender=sender, **named)
               ^^^^^^^^^^^^^^^^^^^^^^^^^^^^^^^^^^^^^^^^^^^^^
  File "C:\Users\haith\AppData\Local\Programs\Python\Python312\Lib\site-packages\celery\fixups\django.py", line 103, in on_import_modules
    self.worker_fixup.validate_models()
  File "C:\Users\haith\AppData\Local\Programs\Python\Python312\Lib\site-packages\celery\fixups\django.py", line 154, in validate_models
    run_checks()
  File "C:\Users\haith\AppData\Local\Programs\Python\Python312\Lib\site-packages\django\core\checks\registry.py", line 89, in run_checks
    new_errors = check(app_configs=app_configs, databases=databases)
                 ^^^^^^^^^^^^^^^^^^^^^^^^^^^^^^^^^^^^^^^^^^^^^^^^^^^
  File "C:\Users\haith\AppData\Local\Programs\Python\Python312\Lib\site-packages\django\core\checks\urls.py", line 136, in check_custom_error_handlers
    handler = resolver.resolve_error_handler(status_code)
              ^^^^^^^^^^^^^^^^^^^^^^^^^^^^^^^^^^^^^^^^^^^
  File "C:\Users\haith\AppData\Local\Programs\Python\Python312\Lib\site-packages\django\urls\resolvers.py", line 743, in resolve_error_handler
    callback = getattr(self.urlconf_module, "handler%s" % view_type, None)
                       ^^^^^^^^^^^^^^^^^^^
  File "C:\Users\haith\AppData\Local\Programs\Python\Python312\Lib\site-packages\django\utils\functional.py", line 47, in __get__
    res = instance.__dict__[self.name] = self.func(instance)
                                         ^^^^^^^^^^^^^^^^^^^
  File "C:\Users\haith\AppData\Local\Programs\Python\Python312\Lib\site-packages\django\urls\resolvers.py", line 722, in urlconf_module
    return import_module(self.urlconf_name)
           ^^^^^^^^^^^^^^^^^^^^^^^^^^^^^^^^
  File "C:\Users\haith\AppData\Local\Programs\Python\Python312\Lib\importlib\__init__.py", line 90, in import_module
    return _bootstrap._gcd_import(name[level:], package, level)
           ^^^^^^^^^^^^^^^^^^^^^^^^^^^^^^^^^^^^^^^^^^^^^^^^^^^^
  File "<frozen importlib._bootstrap>", line 1387, in _gcd_import
  File "<frozen importlib._bootstrap>", line 1360, in _find_and_load
  File "<frozen importlib._bootstrap>", line 1331, in _find_and_load_unlocked
  File "<frozen importlib._bootstrap>", line 935, in _load_unlocked
  File "<frozen importlib._bootstrap_external>", line 999, in exec_module
  File "<frozen importlib._bootstrap>", line 488, in _call_with_frames_removed
  File "C:\Users\haith\OneDrive\Bureau\backend\backend\urls.py", line 56, in <module>
    path('api/games/', include('games.urls')),
                       ^^^^^^^^^^^^^^^^^^^^^
  File "C:\Users\haith\AppData\Local\Programs\Python\Python312\Lib\site-packages\django\urls\conf.py", line 39, in include
    urlconf_module = import_module(urlconf_module)
                     ^^^^^^^^^^^^^^^^^^^^^^^^^^^^^
  File "C:\Users\haith\AppData\Local\Programs\Python\Python312\Lib\importlib\__init__.py", line 90, in import_module
    return _bootstrap._gcd_import(name[level:], package, level)
           ^^^^^^^^^^^^^^^^^^^^^^^^^^^^^^^^^^^^^^^^^^^^^^^^^^^^
  File "<frozen importlib._bootstrap>", line 1387, in _gcd_import
  File "<frozen importlib._bootstrap>", line 1360, in _find_and_load
  File "<frozen importlib._bootstrap>", line 1331, in _find_and_load_unlocked
  File "<frozen importlib._bootstrap>", line 935, in _load_unlocked
  File "<frozen importlib._bootstrap_external>", line 999, in exec_module
  File "<frozen importlib._bootstrap>", line 488, in _call_with_frames_removed
  File "C:\Users\haith\OneDrive\Bureau\backend\games\urls.py", line 6, in <module>
    path('', views.GameListView.as_view(), name='game-list'),
             ^^^^^^^^^^^^^^^^^^
AttributeError: module 'games.views' has no attribute 'GameListView'. Did you mean: 'GameStatsView'?
C:\Users\haith\OneDrive\Bureau\backend\games\views.py changed, reloading.
Watching for file changes with StatReloader
C:\Users\haith\OneDrive\Bureau\backend\games\serializers.py changed, reloading.
Watching for file changes with StatReloader
C:\Users\haith\OneDrive\Bureau\backend\games\serializers.py changed, reloading.
Watching for file changes with StatReloader
C:\Users\haith\OneDrive\Bureau\backend\reviews\views.py changed, reloading.
Watching for file changes with StatReloader
C:\Users\haith\OneDrive\Bureau\backend\reviews\views.py changed, reloading.
Watching for file changes with StatReloader
C:\Users\haith\OneDrive\Bureau\backend\reviews\serializers.py changed, reloading.
Watching for file changes with StatReloader
C:\Users\haith\OneDrive\Bureau\backend\orders\views.py changed, reloading.
Watching for file changes with StatReloader
C:\Users\haith\OneDrive\Bureau\backend\orders\views.py changed, reloading.
Watching for file changes with StatReloader
C:\Users\haith\OneDrive\Bureau\backend\orders\views.py changed, reloading.
Watching for file changes with StatReloader
C:\Users\haith\OneDrive\Bureau\backend\orders\views.py changed, reloading.
Watching for file changes with StatReloader
C:\Users\haith\OneDrive\Bureau\backend\games\urls.py changed, reloading.
Watching for file changes with StatReloader
Watching for file changes with StatReloader
C:\Users\haith\OneDrive\Bureau\backend\backend\settings.py changed, reloading.
Watching for file changes with StatReloader
C:\Users\haith\OneDrive\Bureau\backend\backend\settings.py changed, reloading.
Watching for file changes with StatReloader
C:\Users\haith\OneDrive\Bureau\backend\backend\settings.py changed, reloading.
Watching for file changes with StatReloader
C:\Users\haith\OneDrive\Bureau\backend\backend\settings.py changed, reloading.
Watching for file changes with StatReloader
C:\Users\haith\OneDrive\Bureau\backend\orders\views.py changed, reloading.
Watching for file changes with StatReloader
C:\Users\haith\OneDrive\Bureau\backend\orders\views.py changed, reloading.
Watching for file changes with StatReloader
C:\Users\haith\OneDrive\Bureau\backend\orders\views.py changed, reloading.
Watching for file changes with StatReloader
C:\Users\haith\OneDrive\Bureau\backend\orders\views.py changed, reloading.
Watching for file changes with StatReloader
C:\Users\haith\OneDrive\Bureau\backend\orders\serializers.py changed, reloading.
Watching for file changes with StatReloader
message='Request to Stripe api' method=get url=https://api.stripe.com/v1/account
message='Stripe API response' path=https://api.stripe.com/v1/account response_code=200
message='Request to Stripe api' method=post url=https://api.stripe.com/v1/payment_intents
message='Stripe API response' path=https://api.stripe.com/v1/payment_intents response_code=200
Unauthorized: /api/users/login/
Unauthorized: /api/users/
Unauthorized: /api/users/
Unauthorized: /api/users/
Unauthorized: /api/users/login/
Watching for file changes with StatReloader
Not Found: /media/https:/assets-prd.ignimgs.com/2023/03/20/puzzlemaster-1679352881550.jpg
Not Found: /media/https:/shared.fastly.steamstatic.com/store_item_assets/steam/apps/1043870/ss_47b970db41afd1b740ef3f1b93d980e3dec40edb.1920x1080.jpg?t=1629245238
Not Found: /media/https:/encrypted-tbn0.gstatic.com/images?q=tbn:ANd9GcRo32_SRY4FJF50dI2oyz3Bg6WbIhoohuEtEw&s
Not Found: /media/https:/shared.fastly.steamstatic.com/store_item_assets/steam/apps/589160/capsule_616x353.jpg?t=1487242335
Not Found: /media/https:/b1803394.smushcdn.com/1803394/wp-content/uploads/2017/10/tiny-epic-quest-header-990x557.jpg?lossy=1&strip=1&webp=1
Not Found: /media/https:/i.ytimg.com/vi/gcyrEl5-HfM/hq720.jpg?sqp=-oaymwEhCK4FEIIDSFryq4qpAxMIARUAAAAAGAElAADIQj0AgKJD&rs=AOn4CLCRtTcL2GIxR5TqXjkqgSdk-Nh9CA
Not Found: /media/https:/b1803394.smushcdn.com/1803394/wp-content/uploads/2017/10/tiny-epic-quest-header-990x557.jpg?lossy=1&strip=1&webp=1
Not Found: /media/https:/shared.fastly.steamstatic.com/store_item_assets/steam/apps/1043870/ss_47b970db41afd1b740ef3f1b93d980e3dec40edb.1920x1080.jpg?t=1629245238
Not Found: /media/https:/shared.fastly.steamstatic.com/store_item_assets/steam/apps/1043870/ss_47b970db41afd1b740ef3f1b93d980e3dec40edb.1920x1080.jpg?t=1629245238
Not Found: /media/https:/b1803394.smushcdn.com/1803394/wp-content/uploads/2017/10/tiny-epic-quest-header-990x557.jpg?lossy=1&strip=1&webp=1
Not Found: /media/https:/encrypted-tbn0.gstatic.com/images?q=tbn:ANd9GcRo32_SRY4FJF50dI2oyz3Bg6WbIhoohuEtEw&s
Not Found: /media/https:/shared.fastly.steamstatic.com/store_item_assets/steam/apps/1043870/ss_47b970db41afd1b740ef3f1b93d980e3dec40edb.1920x1080.jpg?t=1629245238
Not Found: /media/https:/i.ytimg.com/vi/gcyrEl5-HfM/hq720.jpg?sqp=-oaymwEhCK4FEIIDSFryq4qpAxMIARUAAAAAGAElAADIQj0AgKJD&rs=AOn4CLCRtTcL2GIxR5TqXjkqgSdk-Nh9CA
Not Found: /media/https:/assets-prd.ignimgs.com/2023/03/20/puzzlemaster-1679352881550.jpg
Not Found: /media/https:/shared.fastly.steamstatic.com/store_item_assets/steam/apps/589160/capsule_616x353.jpg?t=1487242335
Not Found: /media/https:/b1803394.smushcdn.com/1803394/wp-content/uploads/2017/10/tiny-epic-quest-header-990x557.jpg?lossy=1&strip=1&webp=1
Not Found: /media/https:/shared.fastly.steamstatic.com/store_item_assets/steam/apps/1043870/ss_47b970db41afd1b740ef3f1b93d980e3dec40edb.1920x1080.jpg?t=1629245238
Not Found: /media/https:/encrypted-tbn0.gstatic.com/images?q=tbn:ANd9GcRo32_SRY4FJF50dI2oyz3Bg6WbIhoohuEtEw&s
Not Found: /media/https:/shared.fastly.steamstatic.com/store_item_assets/steam/apps/589160/capsule_616x353.jpg?t=1487242335
Not Found: /media/https:/i.ytimg.com/vi/gcyrEl5-HfM/hq720.jpg?sqp=-oaymwEhCK4FEIIDSFryq4qpAxMIARUAAAAAGAElAADIQj0AgKJD&rs=AOn4CLCRtTcL2GIxR5TqXjkqgSdk-Nh9CA
Not Found: /media/https:/assets-prd.ignimgs.com/2023/03/20/puzzlemaster-1679352881550.jpg
Not Found: /media/https:/b1803394.smushcdn.com/1803394/wp-content/uploads/2017/10/tiny-epic-quest-header-990x557.jpg?lossy=1&strip=1&webp=1
Not Found: /media/https:/shared.fastly.steamstatic.com/store_item_assets/steam/apps/1043870/ss_47b970db41afd1b740ef3f1b93d980e3dec40edb.1920x1080.jpg?t=1629245238
Not Found: /media/https:/encrypted-tbn0.gstatic.com/images?q=tbn:ANd9GcRo32_SRY4FJF50dI2oyz3Bg6WbIhoohuEtEw&s
Not Found: /media/https:/i.ytimg.com/vi/gcyrEl5-HfM/hq720.jpg?sqp=-oaymwEhCK4FEIIDSFryq4qpAxMIARUAAAAAGAElAADIQj0AgKJD&rs=AOn4CLCRtTcL2GIxR5TqXjkqgSdk-Nh9CA
Not Found: /media/https:/assets-prd.ignimgs.com/2023/03/20/puzzlemaster-1679352881550.jpg
Not Found: /media/https:/shared.fastly.steamstatic.com/store_item_assets/steam/apps/589160/capsule_616x353.jpg?t=1487242335
Unauthorized: /api/users/login/
Bad Request: /api/token/refresh/
Not Found: /media/https:/encrypted-tbn0.gstatic.com/images?q=tbn:ANd9GcRo32_SRY4FJF50dI2oyz3Bg6WbIhoohuEtEw&s
Not Found: /media/https:/b1803394.smushcdn.com/1803394/wp-content/uploads/2017/10/tiny-epic-quest-header-990x557.jpg?lossy=1&strip=1&webp=1
Not Found: /media/https:/shared.fastly.steamstatic.com/store_item_assets/steam/apps/1043870/ss_47b970db41afd1b740ef3f1b93d980e3dec40edb.1920x1080.jpg?t=1629245238
Not Found: /media/https:/i.ytimg.com/vi/gcyrEl5-HfM/hq720.jpg?sqp=-oaymwEhCK4FEIIDSFryq4qpAxMIARUAAAAAGAElAADIQj0AgKJD&rs=AOn4CLCRtTcL2GIxR5TqXjkqgSdk-Nh9CA
Not Found: /media/https:/assets-prd.ignimgs.com/2023/03/20/puzzlemaster-1679352881550.jpg
Not Found: /media/https:/shared.fastly.steamstatic.com/store_item_assets/steam/apps/589160/capsule_616x353.jpg?t=1487242335
Not Found: /media/https:/b1803394.smushcdn.com/1803394/wp-content/uploads/2017/10/tiny-epic-quest-header-990x557.jpg?lossy=1&strip=1&webp=1
Not Found: /media/https:/shared.fastly.steamstatic.com/store_item_assets/steam/apps/1043870/ss_47b970db41afd1b740ef3f1b93d980e3dec40edb.1920x1080.jpg?t=1629245238
Not Found: /media/https:/encrypted-tbn0.gstatic.com/images?q=tbn:ANd9GcRo32_SRY4FJF50dI2oyz3Bg6WbIhoohuEtEw&s
Not Found: /media/https:/i.ytimg.com/vi/gcyrEl5-HfM/hq720.jpg?sqp=-oaymwEhCK4FEIIDSFryq4qpAxMIARUAAAAAGAElAADIQj0AgKJD&rs=AOn4CLCRtTcL2GIxR5TqXjkqgSdk-Nh9CA
Not Found: /media/https:/assets-prd.ignimgs.com/2023/03/20/puzzlemaster-1679352881550.jpg
Not Found: /media/https:/shared.fastly.steamstatic.com/store_item_assets/steam/apps/589160/capsule_616x353.jpg?t=1487242335
Not Found: /media/https:/shared.fastly.steamstatic.com/store_item_assets/steam/apps/1043870/ss_47b970db41afd1b740ef3f1b93d980e3dec40edb.1920x1080.jpg?t=1629245238
Not Found: /media/https:/encrypted-tbn0.gstatic.com/images?q=tbn:ANd9GcRo32_SRY4FJF50dI2oyz3Bg6WbIhoohuEtEw&s
Not Found: /media/https:/i.ytimg.com/vi/gcyrEl5-HfM/hq720.jpg?sqp=-oaymwEhCK4FEIIDSFryq4qpAxMIARUAAAAAGAElAADIQj0AgKJD&rs=AOn4CLCRtTcL2GIxR5TqXjkqgSdk-Nh9CA
Not Found: /media/https:/shared.fastly.steamstatic.com/store_item_assets/steam/apps/589160/capsule_616x353.jpg?t=1487242335
Not Found: /media/https:/b1803394.smushcdn.com/1803394/wp-content/uploads/2017/10/tiny-epic-quest-header-990x557.jpg?lossy=1&strip=1&webp=1
Not Found: /media/https:/assets-prd.ignimgs.com/2023/03/20/puzzlemaster-1679352881550.jpg
Not Found: /media/https:/b1803394.smushcdn.com/1803394/wp-content/uploads/2017/10/tiny-epic-quest-header-990x557.jpg?lossy=1&strip=1&webp=1
Not Found: /media/https:/encrypted-tbn0.gstatic.com/images?q=tbn:ANd9GcRo32_SRY4FJF50dI2oyz3Bg6WbIhoohuEtEw&s
Not Found: /media/https:/i.ytimg.com/vi/gcyrEl5-HfM/hq720.jpg?sqp=-oaymwEhCK4FEIIDSFryq4qpAxMIARUAAAAAGAElAADIQj0AgKJD&rs=AOn4CLCRtTcL2GIxR5TqXjkqgSdk-Nh9CA
Not Found: /media/https:/assets-prd.ignimgs.com/2023/03/20/puzzlemaster-1679352881550.jpg
Not Found: /media/https:/shared.fastly.steamstatic.com/store_item_assets/steam/apps/589160/capsule_616x353.jpg?t=1487242335
Not Found: /media/https:/shared.fastly.steamstatic.com/store_item_assets/steam/apps/1043870/ss_47b970db41afd1b740ef3f1b93d980e3dec40edb.1920x1080.jpg?t=1629245238
Not Found: /media/https:/encrypted-tbn0.gstatic.com/images?q=tbn:ANd9GcRo32_SRY4FJF50dI2oyz3Bg6WbIhoohuEtEw&s
Not Found: /media/https:/assets-prd.ignimgs.com/2023/03/20/puzzlemaster-1679352881550.jpg
Not Found: /media/https:/shared.fastly.steamstatic.com/store_item_assets/steam/apps/589160/capsule_616x353.jpg?t=1487242335
Not Found: /media/https:/i.ytimg.com/vi/gcyrEl5-HfM/hq720.jpg?sqp=-oaymwEhCK4FEIIDSFryq4qpAxMIARUAAAAAGAElAADIQj0AgKJD&rs=AOn4CLCRtTcL2GIxR5TqXjkqgSdk-Nh9CA
Not Found: /media/https:/b1803394.smushcdn.com/1803394/wp-content/uploads/2017/10/tiny-epic-quest-header-990x557.jpg?lossy=1&strip=1&webp=1
Not Found: /media/https:/shared.fastly.steamstatic.com/store_item_assets/steam/apps/1043870/ss_47b970db41afd1b740ef3f1b93d980e3dec40edb.1920x1080.jpg?t=1629245238
Not Found: /api/reviews/
Not Found: /api/reviews/
Not Found: /media/https:/b1803394.smushcdn.com/1803394/wp-content/uploads/2017/10/tiny-epic-quest-header-990x557.jpg?lossy=1&strip=1&webp=1
Not Found: /media/https:/b1803394.smushcdn.com/1803394/wp-content/uploads/2017/10/tiny-epic-quest-header-990x557.jpg?lossy=1&strip=1&webp=1
Not Found: /media/https:/encrypted-tbn0.gstatic.com/images?q=tbn:ANd9GcRo32_SRY4FJF50dI2oyz3Bg6WbIhoohuEtEw&s
Not Found: /media/https:/i.ytimg.com/vi/gcyrEl5-HfM/hq720.jpg?sqp=-oaymwEhCK4FEIIDSFryq4qpAxMIARUAAAAAGAElAADIQj0AgKJD&rs=AOn4CLCRtTcL2GIxR5TqXjkqgSdk-Nh9CA
Not Found: /media/https:/assets-prd.ignimgs.com/2023/03/20/puzzlemaster-1679352881550.jpg
Not Found: /media/https:/shared.fastly.steamstatic.com/store_item_assets/steam/apps/589160/capsule_616x353.jpg?t=1487242335
Not Found: /media/https:/shared.fastly.steamstatic.com/store_item_assets/steam/apps/1043870/ss_47b970db41afd1b740ef3f1b93d980e3dec40edb.1920x1080.jpg?t=1629245238
Not Found: /media/https:/b1803394.smushcdn.com/1803394/wp-content/uploads/2017/10/tiny-epic-quest-header-990x557.jpg?lossy=1&strip=1&webp=1
Not Found: /media/https:/encrypted-tbn0.gstatic.com/images?q=tbn:ANd9GcRo32_SRY4FJF50dI2oyz3Bg6WbIhoohuEtEw&s
Not Found: /media/https:/i.ytimg.com/vi/gcyrEl5-HfM/hq720.jpg?sqp=-oaymwEhCK4FEIIDSFryq4qpAxMIARUAAAAAGAElAADIQj0AgKJD&rs=AOn4CLCRtTcL2GIxR5TqXjkqgSdk-Nh9CA
Not Found: /media/https:/shared.fastly.steamstatic.com/store_item_assets/steam/apps/1043870/ss_47b970db41afd1b740ef3f1b93d980e3dec40edb.1920x1080.jpg?t=1629245238
Not Found: /media/https:/assets-prd.ignimgs.com/2023/03/20/puzzlemaster-1679352881550.jpg
Not Found: /media/https:/shared.fastly.steamstatic.com/store_item_assets/steam/apps/589160/capsule_616x353.jpg?t=1487242335
Not Found: /media/https:/b1803394.smushcdn.com/1803394/wp-content/uploads/2017/10/tiny-epic-quest-header-990x557.jpg?lossy=1&strip=1&webp=1
Not Found: /media/https:/shared.fastly.steamstatic.com/store_item_assets/steam/apps/589160/capsule_616x353.jpg?t=1487242335
Not Found: /media/https:/i.ytimg.com/vi/gcyrEl5-HfM/hq720.jpg?sqp=-oaymwEhCK4FEIIDSFryq4qpAxMIARUAAAAAGAElAADIQj0AgKJD&rs=AOn4CLCRtTcL2GIxR5TqXjkqgSdk-Nh9CA
Not Found: /media/https:/shared.fastly.steamstatic.com/store_item_assets/steam/apps/1043870/ss_47b970db41afd1b740ef3f1b93d980e3dec40edb.1920x1080.jpg?t=1629245238
Not Found: /media/https:/encrypted-tbn0.gstatic.com/images?q=tbn:ANd9GcRo32_SRY4FJF50dI2oyz3Bg6WbIhoohuEtEw&s
Not Found: /media/https:/assets-prd.ignimgs.com/2023/03/20/puzzlemaster-1679352881550.jpg
Not Found: /media/https:/b1803394.smushcdn.com/1803394/wp-content/uploads/2017/10/tiny-epic-quest-header-990x557.jpg?lossy=1&strip=1&webp=1
Not Found: /media/https:/shared.fastly.steamstatic.com/store_item_assets/steam/apps/589160/capsule_616x353.jpg?t=1487242335
Not Found: /media/https:/shared.fastly.steamstatic.com/store_item_assets/steam/apps/1043870/ss_47b970db41afd1b740ef3f1b93d980e3dec40edb.1920x1080.jpg?t=1629245238
Not Found: /media/https:/i.ytimg.com/vi/gcyrEl5-HfM/hq720.jpg?sqp=-oaymwEhCK4FEIIDSFryq4qpAxMIARUAAAAAGAElAADIQj0AgKJD&rs=AOn4CLCRtTcL2GIxR5TqXjkqgSdk-Nh9CA
Not Found: /media/https:/assets-prd.ignimgs.com/2023/03/20/puzzlemaster-1679352881550.jpg
Not Found: /media/https:/encrypted-tbn0.gstatic.com/images?q=tbn:ANd9GcRo32_SRY4FJF50dI2oyz3Bg6WbIhoohuEtEw&s
Not Found: /media/https:/encrypted-tbn0.gstatic.com/images?q=tbn:ANd9GcRo32_SRY4FJF50dI2oyz3Bg6WbIhoohuEtEw&s
Not Found: /media/https:/i.ytimg.com/vi/gcyrEl5-HfM/hq720.jpg?sqp=-oaymwEhCK4FEIIDSFryq4qpAxMIARUAAAAAGAElAADIQj0AgKJD&rs=AOn4CLCRtTcL2GIxR5TqXjkqgSdk-Nh9CA
Not Found: /media/https:/assets-prd.ignimgs.com/2023/03/20/puzzlemaster-1679352881550.jpg
Not Found: /media/https:/shared.fastly.steamstatic.com/store_item_assets/steam/apps/589160/capsule_616x353.jpg?t=1487242335
Not Found: /media/https:/shared.fastly.steamstatic.com/store_item_assets/steam/apps/1043870/ss_47b970db41afd1b740ef3f1b93d980e3dec40edb.1920x1080.jpg?t=1629245238
Not Found: /media/https:/b1803394.smushcdn.com/1803394/wp-content/uploads/2017/10/tiny-epic-quest-header-990x557.jpg?lossy=1&strip=1&webp=1
Not Found: /media/https:/b1803394.smushcdn.com/1803394/wp-content/uploads/2017/10/tiny-epic-quest-header-990x557.jpg?lossy=1&strip=1&webp=1
Not Found: /media/https:/shared.fastly.steamstatic.com/store_item_assets/steam/apps/1043870/ss_47b970db41afd1b740ef3f1b93d980e3dec40edb.1920x1080.jpg?t=1629245238
Not Found: /media/https:/i.ytimg.com/vi/gcyrEl5-HfM/hq720.jpg?sqp=-oaymwEhCK4FEIIDSFryq4qpAxMIARUAAAAAGAElAADIQj0AgKJD&rs=AOn4CLCRtTcL2GIxR5TqXjkqgSdk-Nh9CA
Not Found: /media/https:/encrypted-tbn0.gstatic.com/images?q=tbn:ANd9GcRo32_SRY4FJF50dI2oyz3Bg6WbIhoohuEtEw&s
Not Found: /media/https:/assets-prd.ignimgs.com/2023/03/20/puzzlemaster-1679352881550.jpg
Not Found: /media/https:/shared.fastly.steamstatic.com/store_item_assets/steam/apps/589160/capsule_616x353.jpg?t=1487242335
Not Found: /media/https:/shared.fastly.steamstatic.com/store_item_assets/steam/apps/589160/capsule_616x353.jpg?t=1487242335
Not Found: /favicon.ico
C:\Users\haith\OneDrive\Bureau\dev port\backend\games\models.py changed, reloading.
Watching for file changes with StatReloader
Not Found: /api/reviews/
Not Found: /api/reviews/
Not Found: /api/reviews/
C:\Users\haith\OneDrive\Bureau\dev port\backend\games\views.py changed, reloading.
Watching for file changes with StatReloader
message='Request to Stripe api' method=post url=https://api.stripe.com/v1/payment_intents
message='Stripe API response' path=https://api.stripe.com/v1/payment_intents response_code=200
Not Found: /api/reviews/
Not Found: /api/reviews/
Internal Server Error: /api/games/wishlist/
Traceback (most recent call last):
  File "C:\Users\haith\AppData\Local\Programs\Python\Python312\Lib\site-packages\django\db\backends\utils.py", line 105, in _execute
    return self.cursor.execute(sql, params)
           ^^^^^^^^^^^^^^^^^^^^^^^^^^^^^^^^
  File "C:\Users\haith\AppData\Local\Programs\Python\Python312\Lib\site-packages\django\db\backends\mysql\base.py", line 78, in execute
    return self.cursor.execute(query, args)
           ^^^^^^^^^^^^^^^^^^^^^^^^^^^^^^^^
  File "C:\Users\haith\AppData\Local\Programs\Python\Python312\Lib\site-packages\MySQLdb\cursors.py", line 179, in execute
    res = self._query(mogrified_query)
          ^^^^^^^^^^^^^^^^^^^^^^^^^^^^
  File "C:\Users\haith\AppData\Local\Programs\Python\Python312\Lib\site-packages\MySQLdb\cursors.py", line 330, in _query
    db.query(q)
  File "C:\Users\haith\AppData\Local\Programs\Python\Python312\Lib\site-packages\MySQLdb\connections.py", line 280, in query
    _mysql.connection.query(self, query)
MySQLdb.IntegrityError: (1062, "Duplicate entry '10-1' for key 'wishlists.wishlists_user_id_game_id_162cfa6c_uniq'")

The above exception was the direct cause of the following exception:

Traceback (most recent call last):
  File "C:\Users\haith\AppData\Local\Programs\Python\Python312\Lib\site-packages\django\core\handlers\exception.py", line 55, in inner
    response = get_response(request)
               ^^^^^^^^^^^^^^^^^^^^^
  File "C:\Users\haith\AppData\Local\Programs\Python\Python312\Lib\site-packages\django\core\handlers\base.py", line 198, in _get_response
    response = wrapped_callback(request, *callback_args, **callback_kwargs)
               ^^^^^^^^^^^^^^^^^^^^^^^^^^^^^^^^^^^^^^^^^^^^^^^^^^^^^^^^^^^^
  File "C:\Users\haith\AppData\Local\Programs\Python\Python312\Lib\site-packages\django\views\decorators\csrf.py", line 65, in _view_wrapper
    return view_func(request, *args, **kwargs)
           ^^^^^^^^^^^^^^^^^^^^^^^^^^^^^^^^^^^
  File "C:\Users\haith\AppData\Local\Programs\Python\Python312\Lib\site-packages\django\views\generic\base.py", line 106, in view
    return self.dispatch(request, *args, **kwargs)
           ^^^^^^^^^^^^^^^^^^^^^^^^^^^^^^^^^^^^^^^
  File "C:\Users\haith\AppData\Local\Programs\Python\Python312\Lib\site-packages\rest_framework\views.py", line 515, in dispatch
    response = self.handle_exception(exc)
               ^^^^^^^^^^^^^^^^^^^^^^^^^^
  File "C:\Users\haith\AppData\Local\Programs\Python\Python312\Lib\site-packages\rest_framework\views.py", line 475, in handle_exception
    self.raise_uncaught_exception(exc)
  File "C:\Users\haith\AppData\Local\Programs\Python\Python312\Lib\site-packages\rest_framework\views.py", line 486, in raise_uncaught_exception
    raise exc
  File "C:\Users\haith\AppData\Local\Programs\Python\Python312\Lib\site-packages\rest_framework\views.py", line 512, in dispatch
    response = handler(request, *args, **kwargs)
               ^^^^^^^^^^^^^^^^^^^^^^^^^^^^^^^^^
  File "C:\Users\haith\AppData\Local\Programs\Python\Python312\Lib\site-packages\rest_framework\generics.py", line 246, in post
    return self.create(request, *args, **kwargs)
           ^^^^^^^^^^^^^^^^^^^^^^^^^^^^^^^^^^^^^
  File "C:\Users\haith\AppData\Local\Programs\Python\Python312\Lib\site-packages\rest_framework\mixins.py", line 19, in create
    self.perform_create(serializer)
  File "C:\Users\haith\OneDrive\Bureau\dev port\backend\games\views.py", line 62, in perform_create
    serializer.save(user=self.request.user)
  File "C:\Users\haith\AppData\Local\Programs\Python\Python312\Lib\site-packages\rest_framework\serializers.py", line 210, in save
    self.instance = self.create(validated_data)
                    ^^^^^^^^^^^^^^^^^^^^^^^^^^^
  File "C:\Users\haith\AppData\Local\Programs\Python\Python312\Lib\site-packages\rest_framework\serializers.py", line 991, in create
    instance = ModelClass._default_manager.create(**validated_data)
               ^^^^^^^^^^^^^^^^^^^^^^^^^^^^^^^^^^^^^^^^^^^^^^^^^^^^
  File "C:\Users\haith\AppData\Local\Programs\Python\Python312\Lib\site-packages\django\db\models\manager.py", line 87, in manager_method
    return getattr(self.get_queryset(), name)(*args, **kwargs)
           ^^^^^^^^^^^^^^^^^^^^^^^^^^^^^^^^^^^^^^^^^^^^^^^^^^^
  File "C:\Users\haith\AppData\Local\Programs\Python\Python312\Lib\site-packages\django\db\models\query.py", line 669, in create
    obj.save(force_insert=True, using=self.db)
  File "C:\Users\haith\AppData\Local\Programs\Python\Python312\Lib\site-packages\django\db\models\base.py", line 874, in save
    self.save_base(
  File "C:\Users\haith\AppData\Local\Programs\Python\Python312\Lib\site-packages\django\db\models\base.py", line 966, in save_base
    updated = self._save_table(
              ^^^^^^^^^^^^^^^^^
  File "C:\Users\haith\AppData\Local\Programs\Python\Python312\Lib\site-packages\django\db\models\base.py", line 1169, in _save_table
    results = self._do_insert(
              ^^^^^^^^^^^^^^^^
  File "C:\Users\haith\AppData\Local\Programs\Python\Python312\Lib\site-packages\django\db\models\base.py", line 1220, in _do_insert
    return manager._insert(
           ^^^^^^^^^^^^^^^^
  File "C:\Users\haith\AppData\Local\Programs\Python\Python312\Lib\site-packages\django\db\models\manager.py", line 87, in manager_method
    return getattr(self.get_queryset(), name)(*args, **kwargs)
           ^^^^^^^^^^^^^^^^^^^^^^^^^^^^^^^^^^^^^^^^^^^^^^^^^^^
  File "C:\Users\haith\AppData\Local\Programs\Python\Python312\Lib\site-packages\django\db\models\query.py", line 1918, in _insert
    return query.get_compiler(using=using).execute_sql(returning_fields)
           ^^^^^^^^^^^^^^^^^^^^^^^^^^^^^^^^^^^^^^^^^^^^^^^^^^^^^^^^^^^^^
  File "C:\Users\haith\AppData\Local\Programs\Python\Python312\Lib\site-packages\django\db\models\sql\compiler.py", line 1925, in execute_sql
    cursor.execute(sql, params)
  File "C:\Users\haith\AppData\Local\Programs\Python\Python312\Lib\site-packages\django\db\backends\utils.py", line 122, in execute
    return super().execute(sql, params)
           ^^^^^^^^^^^^^^^^^^^^^^^^^^^^
  File "C:\Users\haith\AppData\Local\Programs\Python\Python312\Lib\site-packages\django\db\backends\utils.py", line 79, in execute
    return self._execute_with_wrappers(
           ^^^^^^^^^^^^^^^^^^^^^^^^^^^^
  File "C:\Users\haith\AppData\Local\Programs\Python\Python312\Lib\site-packages\django\db\backends\utils.py", line 92, in _execute_with_wrappers
    return executor(sql, params, many, context)
           ^^^^^^^^^^^^^^^^^^^^^^^^^^^^^^^^^^^^
  File "C:\Users\haith\AppData\Local\Programs\Python\Python312\Lib\site-packages\django\db\backends\utils.py", line 100, in _execute
    with self.db.wrap_database_errors:
         ^^^^^^^^^^^^^^^^^^^^^^^^^^^^
  File "C:\Users\haith\AppData\Local\Programs\Python\Python312\Lib\site-packages\django\db\utils.py", line 94, in __exit__
    raise dj_exc_value.with_traceback(traceback) from exc_value
  File "C:\Users\haith\AppData\Local\Programs\Python\Python312\Lib\site-packages\django\db\backends\utils.py", line 105, in _execute
    return self.cursor.execute(sql, params)
           ^^^^^^^^^^^^^^^^^^^^^^^^^^^^^^^^
  File "C:\Users\haith\AppData\Local\Programs\Python\Python312\Lib\site-packages\django\db\backends\mysql\base.py", line 78, in execute
    return self.cursor.execute(query, args)
           ^^^^^^^^^^^^^^^^^^^^^^^^^^^^^^^^
  File "C:\Users\haith\AppData\Local\Programs\Python\Python312\Lib\site-packages\MySQLdb\cursors.py", line 179, in execute
    res = self._query(mogrified_query)
          ^^^^^^^^^^^^^^^^^^^^^^^^^^^^
  File "C:\Users\haith\AppData\Local\Programs\Python\Python312\Lib\site-packages\MySQLdb\cursors.py", line 330, in _query
    db.query(q)
  File "C:\Users\haith\AppData\Local\Programs\Python\Python312\Lib\site-packages\MySQLdb\connections.py", line 280, in query
    _mysql.connection.query(self, query)
django.db.utils.IntegrityError: (1062, "Duplicate entry '10-1' for key 'wishlists.wishlists_user_id_game_id_162cfa6c_uniq'")
Internal Server Error: /api/games/wishlist/
Traceback (most recent call last):
  File "C:\Users\haith\AppData\Local\Programs\Python\Python312\Lib\site-packages\django\db\backends\utils.py", line 105, in _execute
    return self.cursor.execute(sql, params)
           ^^^^^^^^^^^^^^^^^^^^^^^^^^^^^^^^
  File "C:\Users\haith\AppData\Local\Programs\Python\Python312\Lib\site-packages\django\db\backends\mysql\base.py", line 78, in execute
    return self.cursor.execute(query, args)
           ^^^^^^^^^^^^^^^^^^^^^^^^^^^^^^^^
  File "C:\Users\haith\AppData\Local\Programs\Python\Python312\Lib\site-packages\MySQLdb\cursors.py", line 179, in execute
    res = self._query(mogrified_query)
          ^^^^^^^^^^^^^^^^^^^^^^^^^^^^
  File "C:\Users\haith\AppData\Local\Programs\Python\Python312\Lib\site-packages\MySQLdb\cursors.py", line 330, in _query
    db.query(q)
  File "C:\Users\haith\AppData\Local\Programs\Python\Python312\Lib\site-packages\MySQLdb\connections.py", line 280, in query
    _mysql.connection.query(self, query)
MySQLdb.IntegrityError: (1062, "Duplicate entry '10-1' for key 'wishlists.wishlists_user_id_game_id_162cfa6c_uniq'")

The above exception was the direct cause of the following exception:

Traceback (most recent call last):
  File "C:\Users\haith\AppData\Local\Programs\Python\Python312\Lib\site-packages\django\core\handlers\exception.py", line 55, in inner
    response = get_response(request)
               ^^^^^^^^^^^^^^^^^^^^^
  File "C:\Users\haith\AppData\Local\Programs\Python\Python312\Lib\site-packages\django\core\handlers\base.py", line 198, in _get_response
    response = wrapped_callback(request, *callback_args, **callback_kwargs)
               ^^^^^^^^^^^^^^^^^^^^^^^^^^^^^^^^^^^^^^^^^^^^^^^^^^^^^^^^^^^^
  File "C:\Users\haith\AppData\Local\Programs\Python\Python312\Lib\site-packages\django\views\decorators\csrf.py", line 65, in _view_wrapper
    return view_func(request, *args, **kwargs)
           ^^^^^^^^^^^^^^^^^^^^^^^^^^^^^^^^^^^
  File "C:\Users\haith\AppData\Local\Programs\Python\Python312\Lib\site-packages\django\views\generic\base.py", line 106, in view
    return self.dispatch(request, *args, **kwargs)
           ^^^^^^^^^^^^^^^^^^^^^^^^^^^^^^^^^^^^^^^
  File "C:\Users\haith\AppData\Local\Programs\Python\Python312\Lib\site-packages\rest_framework\views.py", line 515, in dispatch
    response = self.handle_exception(exc)
               ^^^^^^^^^^^^^^^^^^^^^^^^^^
  File "C:\Users\haith\AppData\Local\Programs\Python\Python312\Lib\site-packages\rest_framework\views.py", line 475, in handle_exception
    self.raise_uncaught_exception(exc)
  File "C:\Users\haith\AppData\Local\Programs\Python\Python312\Lib\site-packages\rest_framework\views.py", line 486, in raise_uncaught_exception
    raise exc
  File "C:\Users\haith\AppData\Local\Programs\Python\Python312\Lib\site-packages\rest_framework\views.py", line 512, in dispatch
    response = handler(request, *args, **kwargs)
               ^^^^^^^^^^^^^^^^^^^^^^^^^^^^^^^^^
  File "C:\Users\haith\AppData\Local\Programs\Python\Python312\Lib\site-packages\rest_framework\generics.py", line 246, in post
    return self.create(request, *args, **kwargs)
           ^^^^^^^^^^^^^^^^^^^^^^^^^^^^^^^^^^^^^
  File "C:\Users\haith\AppData\Local\Programs\Python\Python312\Lib\site-packages\rest_framework\mixins.py", line 19, in create
    self.perform_create(serializer)
  File "C:\Users\haith\OneDrive\Bureau\dev port\backend\games\views.py", line 62, in perform_create
    serializer.save(user=self.request.user)
  File "C:\Users\haith\AppData\Local\Programs\Python\Python312\Lib\site-packages\rest_framework\serializers.py", line 210, in save
    self.instance = self.create(validated_data)
                    ^^^^^^^^^^^^^^^^^^^^^^^^^^^
  File "C:\Users\haith\AppData\Local\Programs\Python\Python312\Lib\site-packages\rest_framework\serializers.py", line 991, in create
    instance = ModelClass._default_manager.create(**validated_data)
               ^^^^^^^^^^^^^^^^^^^^^^^^^^^^^^^^^^^^^^^^^^^^^^^^^^^^
  File "C:\Users\haith\AppData\Local\Programs\Python\Python312\Lib\site-packages\django\db\models\manager.py", line 87, in manager_method
    return getattr(self.get_queryset(), name)(*args, **kwargs)
           ^^^^^^^^^^^^^^^^^^^^^^^^^^^^^^^^^^^^^^^^^^^^^^^^^^^
  File "C:\Users\haith\AppData\Local\Programs\Python\Python312\Lib\site-packages\django\db\models\query.py", line 669, in create
    obj.save(force_insert=True, using=self.db)
  File "C:\Users\haith\AppData\Local\Programs\Python\Python312\Lib\site-packages\django\db\models\base.py", line 874, in save
    self.save_base(
  File "C:\Users\haith\AppData\Local\Programs\Python\Python312\Lib\site-packages\django\db\models\base.py", line 966, in save_base
    updated = self._save_table(
              ^^^^^^^^^^^^^^^^^
  File "C:\Users\haith\AppData\Local\Programs\Python\Python312\Lib\site-packages\django\db\models\base.py", line 1169, in _save_table
    results = self._do_insert(
              ^^^^^^^^^^^^^^^^
  File "C:\Users\haith\AppData\Local\Programs\Python\Python312\Lib\site-packages\django\db\models\base.py", line 1220, in _do_insert
    return manager._insert(
           ^^^^^^^^^^^^^^^^
  File "C:\Users\haith\AppData\Local\Programs\Python\Python312\Lib\site-packages\django\db\models\manager.py", line 87, in manager_method
    return getattr(self.get_queryset(), name)(*args, **kwargs)
           ^^^^^^^^^^^^^^^^^^^^^^^^^^^^^^^^^^^^^^^^^^^^^^^^^^^
  File "C:\Users\haith\AppData\Local\Programs\Python\Python312\Lib\site-packages\django\db\models\query.py", line 1918, in _insert
    return query.get_compiler(using=using).execute_sql(returning_fields)
           ^^^^^^^^^^^^^^^^^^^^^^^^^^^^^^^^^^^^^^^^^^^^^^^^^^^^^^^^^^^^^
  File "C:\Users\haith\AppData\Local\Programs\Python\Python312\Lib\site-packages\django\db\models\sql\compiler.py", line 1925, in execute_sql
    cursor.execute(sql, params)
  File "C:\Users\haith\AppData\Local\Programs\Python\Python312\Lib\site-packages\django\db\backends\utils.py", line 122, in execute
    return super().execute(sql, params)
           ^^^^^^^^^^^^^^^^^^^^^^^^^^^^
  File "C:\Users\haith\AppData\Local\Programs\Python\Python312\Lib\site-packages\django\db\backends\utils.py", line 79, in execute
    return self._execute_with_wrappers(
           ^^^^^^^^^^^^^^^^^^^^^^^^^^^^
  File "C:\Users\haith\AppData\Local\Programs\Python\Python312\Lib\site-packages\django\db\backends\utils.py", line 92, in _execute_with_wrappers
    return executor(sql, params, many, context)
           ^^^^^^^^^^^^^^^^^^^^^^^^^^^^^^^^^^^^
  File "C:\Users\haith\AppData\Local\Programs\Python\Python312\Lib\site-packages\django\db\backends\utils.py", line 100, in _execute
    with self.db.wrap_database_errors:
         ^^^^^^^^^^^^^^^^^^^^^^^^^^^^
  File "C:\Users\haith\AppData\Local\Programs\Python\Python312\Lib\site-packages\django\db\utils.py", line 94, in __exit__
    raise dj_exc_value.with_traceback(traceback) from exc_value
  File "C:\Users\haith\AppData\Local\Programs\Python\Python312\Lib\site-packages\django\db\backends\utils.py", line 105, in _execute
    return self.cursor.execute(sql, params)
           ^^^^^^^^^^^^^^^^^^^^^^^^^^^^^^^^
  File "C:\Users\haith\AppData\Local\Programs\Python\Python312\Lib\site-packages\django\db\backends\mysql\base.py", line 78, in execute
    return self.cursor.execute(query, args)
           ^^^^^^^^^^^^^^^^^^^^^^^^^^^^^^^^
  File "C:\Users\haith\AppData\Local\Programs\Python\Python312\Lib\site-packages\MySQLdb\cursors.py", line 179, in execute
    res = self._query(mogrified_query)
          ^^^^^^^^^^^^^^^^^^^^^^^^^^^^
  File "C:\Users\haith\AppData\Local\Programs\Python\Python312\Lib\site-packages\MySQLdb\cursors.py", line 330, in _query
    db.query(q)
  File "C:\Users\haith\AppData\Local\Programs\Python\Python312\Lib\site-packages\MySQLdb\connections.py", line 280, in query
    _mysql.connection.query(self, query)
django.db.utils.IntegrityError: (1062, "Duplicate entry '10-1' for key 'wishlists.wishlists_user_id_game_id_162cfa6c_uniq'")
C:\Users\haith\OneDrive\Bureau\dev port\backend\notifications\views.py changed, reloading.
Watching for file changes with StatReloader
C:\Users\haith\OneDrive\Bureau\dev port\backend\notifications\views.py changed, reloading.
Watching for file changes with StatReloader
message='Request to Stripe api' method=post url=https://api.stripe.com/v1/payment_intents
message='Stripe API response' path=https://api.stripe.com/v1/payment_intents response_code=200
message='Request to Stripe api' method=post url=https://api.stripe.com/v1/payment_intents
message='Stripe API response' path=https://api.stripe.com/v1/payment_intents response_code=200
message='Request to Stripe api' method=post url=https://api.stripe.com/v1/payment_intents
message='Request to Stripe api' method=post url=https://api.stripe.com/v1/payment_intents
message='Stripe API response' path=https://api.stripe.com/v1/payment_intents response_code=200
message='Stripe API response' path=https://api.stripe.com/v1/payment_intents response_code=200
message='Request to Stripe api' method=get url=https://api.stripe.com/v1/payment_intents/pi_3TEqnICzEbCTE7nO1nhir7oh
message='Stripe API response' path=https://api.stripe.com/v1/payment_intents/pi_3TEqnICzEbCTE7nO1nhir7oh response_code=200
Not Found: /api/reviews/
Not Found: /api/reviews/
Not Found: /api/reviews/
Not Found: /api/reviews/
Too Many Requests: /api/games/my-library/
Too Many Requests: /api/games/
Too Many Requests: /api/games/
Too Many Requests: /api/games/
Too Many Requests: /api/games/
Too Many Requests: /api/games/
Too Many Requests: /api/notifications/
Too Many Requests: /api/games/
Too Many Requests: /api/notifications/
Too Many Requests: /api/games/
Too Many Requests: /api/games/
Too Many Requests: /api/games/
Too Many Requests: /api/notifications/
C:\Users\haith\OneDrive\Bureau\dev port\backend\backend\middleware.py changed, reloading.
Watching for file changes with StatReloader
C:\Users\haith\OneDrive\Bureau\dev port\backend\backend\settings.py changed, reloading.
Watching for file changes with StatReloader
C:\Users\haith\OneDrive\Bureau\dev port\backend\games\serializers.py changed, reloading.
Watching for file changes with StatReloader
C:\Users\haith\OneDrive\Bureau\dev port\backend\games\serializers.py changed, reloading.
Watching for file changes with StatReloader
C:\Users\haith\OneDrive\Bureau\dev port\backend\games\serializers.py changed, reloading.
Watching for file changes with StatReloader
C:\Users\haith\OneDrive\Bureau\dev port\backend\games\serializers.py changed, reloading.
Watching for file changes with StatReloader
Unauthorized: /api/notifications/
Not Found: /api/games/1/download/
C:\Users\haith\OneDrive\Bureau\dev port\backend\games\views.py changed, reloading.
Watching for file changes with StatReloader
C:\Users\haith\OneDrive\Bureau\dev port\backend\games\views.py changed, reloading.
Watching for file changes with StatReloader
C:\Users\haith\OneDrive\Bureau\dev port\backend\games\urls.py changed, reloading.
Watching for file changes with StatReloader
C:\Users\haith\OneDrive\Bureau\dev port\backend\games\urls.py changed, reloading.
Watching for file changes with StatReloader
C:\Users\haith\OneDrive\Bureau\dev port\backend\games\views.py changed, reloading.
Watching for file changes with StatReloader
C:\Users\haith\OneDrive\Bureau\dev port\backend\games\views.py changed, reloading.
Watching for file changes with StatReloader
Watching for file changes with StatReloader
C:\Users\haith\OneDrive\Bureau\dev port\backend\games\views.py changed, reloading.
Watching for file changes with StatReloader
C:\Users\haith\OneDrive\Bureau\dev port\backend\games\views.py changed, reloading.
Watching for file changes with StatReloader
C:\Users\haith\OneDrive\Bureau\dev port\backend\games\urls.py changed, reloading.
Watching for file changes with StatReloader
C:\Users\haith\OneDrive\Bureau\dev port\backend\games\urls.py changed, reloading.
Watching for file changes with StatReloader
C:\Users\haith\OneDrive\Bureau\dev port\backend\games\urls.py changed, reloading.
Watching for file changes with StatReloader
C:\Users\haith\OneDrive\Bureau\dev port\backend\games\views.py changed, reloading.
Watching for file changes with StatReloader
C:\Users\haith\OneDrive\Bureau\dev port\backend\games\serializers.py changed, reloading.
Watching for file changes with StatReloader
C:\Users\haith\OneDrive\Bureau\dev port\backend\games\serializers.py changed, reloading.
Watching for file changes with StatReloader
Not Found: /api/reviews/
Not Found: /api/reviews/
C:\Users\haith\OneDrive\Bureau\dev port\backend\users\views.py changed, reloading.
Watching for file changes with StatReloader
C:\Users\haith\OneDrive\Bureau\dev port\backend\users\views.py changed, reloading.
Watching for file changes with StatReloader
C:\Users\haith\OneDrive\Bureau\dev port\backend\users\views.py changed, reloading.
Watching for file changes with StatReloader
C:\Users\haith\OneDrive\Bureau\dev port\backend\users\views.py changed, reloading.
Watching for file changes with StatReloader
C:\Users\haith\OneDrive\Bureau\dev port\backend\users\views.py changed, reloading.
Watching for file changes with StatReloader
C:\Users\haith\OneDrive\Bureau\dev port\backend\users\serializers.py changed, reloading.
Watching for file changes with StatReloader
C:\Users\haith\OneDrive\Bureau\dev port\backend\users\serializers.py changed, reloading.
Watching for file changes with StatReloader
Internal Server Error: /api/users/profile/
Traceback (most recent call last):
  File "C:\Users\haith\AppData\Local\Programs\Python\Python312\Lib\site-packages\django\core\handlers\exception.py", line 55, in inner
    response = get_response(request)
               ^^^^^^^^^^^^^^^^^^^^^
  File "C:\Users\haith\AppData\Local\Programs\Python\Python312\Lib\site-packages\django\core\handlers\base.py", line 198, in _get_response
    response = wrapped_callback(request, *callback_args, **callback_kwargs)
               ^^^^^^^^^^^^^^^^^^^^^^^^^^^^^^^^^^^^^^^^^^^^^^^^^^^^^^^^^^^^
  File "C:\Users\haith\AppData\Local\Programs\Python\Python312\Lib\site-packages\django\views\decorators\csrf.py", line 65, in _view_wrapper
    return view_func(request, *args, **kwargs)
           ^^^^^^^^^^^^^^^^^^^^^^^^^^^^^^^^^^^
  File "C:\Users\haith\AppData\Local\Programs\Python\Python312\Lib\site-packages\django\views\generic\base.py", line 106, in view
    return self.dispatch(request, *args, **kwargs)
           ^^^^^^^^^^^^^^^^^^^^^^^^^^^^^^^^^^^^^^^
  File "C:\Users\haith\AppData\Local\Programs\Python\Python312\Lib\site-packages\rest_framework\views.py", line 515, in dispatch
    response = self.handle_exception(exc)
               ^^^^^^^^^^^^^^^^^^^^^^^^^^
  File "C:\Users\haith\AppData\Local\Programs\Python\Python312\Lib\site-packages\rest_framework\views.py", line 475, in handle_exception
    self.raise_uncaught_exception(exc)
  File "C:\Users\haith\AppData\Local\Programs\Python\Python312\Lib\site-packages\rest_framework\views.py", line 486, in raise_uncaught_exception
    raise exc
  File "C:\Users\haith\AppData\Local\Programs\Python\Python312\Lib\site-packages\rest_framework\views.py", line 512, in dispatch
    response = handler(request, *args, **kwargs)
               ^^^^^^^^^^^^^^^^^^^^^^^^^^^^^^^^^
  File "C:\Users\haith\AppData\Local\Programs\Python\Python312\Lib\site-packages\rest_framework\generics.py", line 262, in patch
    return self.partial_update(request, *args, **kwargs)
           ^^^^^^^^^^^^^^^^^^^^^^^^^^^^^^^^^^^^^^^^^^^^^
  File "C:\Users\haith\AppData\Local\Programs\Python\Python312\Lib\site-packages\rest_framework\mixins.py", line 82, in partial_update
    return self.update(request, *args, **kwargs)
           ^^^^^^^^^^^^^^^^^^^^^^^^^^^^^^^^^^^^^
  File "C:\Users\haith\OneDrive\Bureau\dev port\backend\users\views.py", line 65, in update
    instance.profile,
    ^^^^^^^^^^^^^^^^
  File "C:\Users\haith\AppData\Local\Programs\Python\Python312\Lib\site-packages\django\db\models\fields\related_descriptors.py", line 520, in __get__
    raise self.RelatedObjectDoesNotExist(
users.models.User.profile.RelatedObjectDoesNotExist: User has no profile.
Internal Server Error: /api/users/profile/
Traceback (most recent call last):
  File "C:\Users\haith\AppData\Local\Programs\Python\Python312\Lib\site-packages\django\core\handlers\exception.py", line 55, in inner
    response = get_response(request)
               ^^^^^^^^^^^^^^^^^^^^^
  File "C:\Users\haith\AppData\Local\Programs\Python\Python312\Lib\site-packages\django\core\handlers\base.py", line 198, in _get_response
    response = wrapped_callback(request, *callback_args, **callback_kwargs)
               ^^^^^^^^^^^^^^^^^^^^^^^^^^^^^^^^^^^^^^^^^^^^^^^^^^^^^^^^^^^^
  File "C:\Users\haith\AppData\Local\Programs\Python\Python312\Lib\site-packages\django\views\decorators\csrf.py", line 65, in _view_wrapper
    return view_func(request, *args, **kwargs)
           ^^^^^^^^^^^^^^^^^^^^^^^^^^^^^^^^^^^
  File "C:\Users\haith\AppData\Local\Programs\Python\Python312\Lib\site-packages\django\views\generic\base.py", line 106, in view
    return self.dispatch(request, *args, **kwargs)
           ^^^^^^^^^^^^^^^^^^^^^^^^^^^^^^^^^^^^^^^
  File "C:\Users\haith\AppData\Local\Programs\Python\Python312\Lib\site-packages\rest_framework\views.py", line 515, in dispatch
    response = self.handle_exception(exc)
               ^^^^^^^^^^^^^^^^^^^^^^^^^^
  File "C:\Users\haith\AppData\Local\Programs\Python\Python312\Lib\site-packages\rest_framework\views.py", line 475, in handle_exception
    self.raise_uncaught_exception(exc)
  File "C:\Users\haith\AppData\Local\Programs\Python\Python312\Lib\site-packages\rest_framework\views.py", line 486, in raise_uncaught_exception
    raise exc
  File "C:\Users\haith\AppData\Local\Programs\Python\Python312\Lib\site-packages\rest_framework\views.py", line 512, in dispatch
    response = handler(request, *args, **kwargs)
               ^^^^^^^^^^^^^^^^^^^^^^^^^^^^^^^^^
  File "C:\Users\haith\AppData\Local\Programs\Python\Python312\Lib\site-packages\rest_framework\generics.py", line 262, in patch
    return self.partial_update(request, *args, **kwargs)
           ^^^^^^^^^^^^^^^^^^^^^^^^^^^^^^^^^^^^^^^^^^^^^
  File "C:\Users\haith\AppData\Local\Programs\Python\Python312\Lib\site-packages\rest_framework\mixins.py", line 82, in partial_update
    return self.update(request, *args, **kwargs)
           ^^^^^^^^^^^^^^^^^^^^^^^^^^^^^^^^^^^^^
  File "C:\Users\haith\OneDrive\Bureau\dev port\backend\users\views.py", line 65, in update
    instance.profile,
    ^^^^^^^^^^^^^^^^
  File "C:\Users\haith\AppData\Local\Programs\Python\Python312\Lib\site-packages\django\db\models\fields\related_descriptors.py", line 520, in __get__
    raise self.RelatedObjectDoesNotExist(
users.models.User.profile.RelatedObjectDoesNotExist: User has no profile.
C:\Users\haith\OneDrive\Bureau\dev port\backend\users\views.py changed, reloading.
Watching for file changes with StatReloader
C:\Users\haith\OneDrive\Bureau\dev port\backend\users\views.py changed, reloading.
Watching for file changes with StatReloader
C:\Users\haith\OneDrive\Bureau\dev port\backend\users\serializers.py changed, reloading.
Watching for file changes with StatReloader
C:\Users\haith\OneDrive\Bureau\dev port\backend\users\models.py changed, reloading.
Watching for file changes with StatReloader
C:\Users\haith\OneDrive\Bureau\dev port\backend\users\models.py changed, reloading.
Watching for file changes with StatReloader
C:\Users\haith\OneDrive\Bureau\dev port\backend\users\urls.py changed, reloading.
Watching for file changes with StatReloader
Unauthorized: /api/notifications/
Unauthorized: /api/notifications/
Bad Request: /api/token/refresh/
Bad Request: /api/token/refresh/
Unauthorized: /api/notifications/
Unauthorized: /api/notifications/
Bad Request: /api/token/refresh/
Bad Request: /api/token/refresh/
Unauthorized: /api/notifications/
Unauthorized: /api/notifications/
Bad Request: /api/token/refresh/
Bad Request: /api/token/refresh/
Unauthorized: /api/notifications/
Unauthorized: /api/notifications/
Bad Request: /api/token/refresh/
Bad Request: /api/token/refresh/
Unauthorized: /api/notifications/
Unauthorized: /api/notifications/
Bad Request: /api/token/refresh/
Bad Request: /api/token/refresh/
Unauthorized: /api/notifications/
Unauthorized: /api/notifications/
Bad Request: /api/token/refresh/
Bad Request: /api/token/refresh/
Unauthorized: /api/notifications/
Unauthorized: /api/notifications/
Bad Request: /api/token/refresh/
Bad Request: /api/token/refresh/
Unauthorized: /api/notifications/
Unauthorized: /api/notifications/
Bad Request: /api/token/refresh/
Bad Request: /api/token/refresh/
Unauthorized: /api/notifications/
Unauthorized: /api/notifications/
Bad Request: /api/token/refresh/
Bad Request: /api/token/refresh/
Unauthorized: /api/notifications/
Bad Request: /api/token/refresh/
Unauthorized: /api/notifications/
Bad Request: /api/token/refresh/
Unauthorized: /api/notifications/
Unauthorized: /api/notifications/
Bad Request: /api/token/refresh/
Bad Request: /api/token/refresh/
Unauthorized: /api/notifications/
Unauthorized: /api/notifications/
Bad Request: /api/token/refresh/
Bad Request: /api/token/refresh/
Unauthorized: /api/notifications/
Unauthorized: /api/notifications/
Bad Request: /api/token/refresh/
Bad Request: /api/token/refresh/
Unauthorized: /api/notifications/
Unauthorized: /api/notifications/
Bad Request: /api/token/refresh/
Bad Request: /api/token/refresh/
Unauthorized: /api/notifications/
Unauthorized: /api/notifications/
Bad Request: /api/token/refresh/
Bad Request: /api/token/refresh/
Unauthorized: /api/notifications/
Unauthorized: /api/notifications/
Bad Request: /api/token/refresh/
Bad Request: /api/token/refresh/
Unauthorized: /api/notifications/
Unauthorized: /api/notifications/
Bad Request: /api/token/refresh/
Bad Request: /api/token/refresh/
Unauthorized: /api/notifications/
Unauthorized: /api/notifications/
Bad Request: /api/token/refresh/
Bad Request: /api/token/refresh/
Unauthorized: /api/notifications/
Unauthorized: /api/notifications/
Bad Request: /api/token/refresh/
Bad Request: /api/token/refresh/
Unauthorized: /api/notifications/
Unauthorized: /api/notifications/
Bad Request: /api/token/refresh/
Bad Request: /api/token/refresh/
Unauthorized: /api/notifications/
Unauthorized: /api/notifications/
Bad Request: /api/token/refresh/
Bad Request: /api/token/refresh/
Unauthorized: /api/notifications/
Unauthorized: /api/notifications/
Bad Request: /api/token/refresh/
Bad Request: /api/token/refresh/
Unauthorized: /api/notifications/
Unauthorized: /api/notifications/
Bad Request: /api/token/refresh/
Bad Request: /api/token/refresh/
Unauthorized: /api/notifications/
Unauthorized: /api/notifications/
Bad Request: /api/token/refresh/
Bad Request: /api/token/refresh/
Unauthorized: /api/notifications/
Unauthorized: /api/notifications/
Bad Request: /api/token/refresh/
Bad Request: /api/token/refresh/
Unauthorized: /api/notifications/
Unauthorized: /api/notifications/
Bad Request: /api/token/refresh/
Bad Request: /api/token/refresh/
Unauthorized: /api/notifications/
Unauthorized: /api/notifications/
Bad Request: /api/token/refresh/
Bad Request: /api/token/refresh/
Unauthorized: /api/notifications/
Unauthorized: /api/notifications/
Bad Request: /api/token/refresh/
Bad Request: /api/token/refresh/
Unauthorized: /api/notifications/
Unauthorized: /api/notifications/
Bad Request: /api/token/refresh/
Bad Request: /api/token/refresh/
Unauthorized: /api/notifications/
Unauthorized: /api/notifications/
Bad Request: /api/token/refresh/
Bad Request: /api/token/refresh/
Unauthorized: /api/notifications/
Unauthorized: /api/notifications/
Bad Request: /api/token/refresh/
Bad Request: /api/token/refresh/
Unauthorized: /api/notifications/
Unauthorized: /api/notifications/
Bad Request: /api/token/refresh/
Bad Request: /api/token/refresh/
Unauthorized: /api/notifications/
Unauthorized: /api/notifications/
Bad Request: /api/token/refresh/
Bad Request: /api/token/refresh/
Unauthorized: /api/notifications/
Unauthorized: /api/notifications/
Bad Request: /api/token/refresh/
Bad Request: /api/token/refresh/
Unauthorized: /api/notifications/
Unauthorized: /api/notifications/
Bad Request: /api/token/refresh/
Bad Request: /api/token/refresh/
Unauthorized: /api/notifications/
Unauthorized: /api/notifications/
Bad Request: /api/token/refresh/
Bad Request: /api/token/refresh/
Unauthorized: /api/notifications/
Unauthorized: /api/notifications/
Bad Request: /api/token/refresh/
Bad Request: /api/token/refresh/
Unauthorized: /api/notifications/
Unauthorized: /api/notifications/
Bad Request: /api/token/refresh/
Bad Request: /api/token/refresh/
Unauthorized: /api/notifications/
Unauthorized: /api/notifications/
Bad Request: /api/token/refresh/
Bad Request: /api/token/refresh/
Unauthorized: /api/notifications/
Unauthorized: /api/notifications/
Bad Request: /api/token/refresh/
Bad Request: /api/token/refresh/
Unauthorized: /api/notifications/
Unauthorized: /api/notifications/
Bad Request: /api/token/refresh/
Bad Request: /api/token/refresh/
Unauthorized: /api/notifications/
Unauthorized: /api/notifications/
Bad Request: /api/token/refresh/
Bad Request: /api/token/refresh/
Unauthorized: /api/notifications/
Unauthorized: /api/notifications/
Bad Request: /api/token/refresh/
Bad Request: /api/token/refresh/
Unauthorized: /api/notifications/
Unauthorized: /api/notifications/
Bad Request: /api/token/refresh/
Bad Request: /api/token/refresh/
Unauthorized: /api/notifications/
Unauthorized: /api/notifications/
Bad Request: /api/token/refresh/
Bad Request: /api/token/refresh/
Unauthorized: /api/notifications/
Unauthorized: /api/notifications/
Bad Request: /api/token/refresh/
Bad Request: /api/token/refresh/
Unauthorized: /api/notifications/
Unauthorized: /api/notifications/
Bad Request: /api/token/refresh/
Bad Request: /api/token/refresh/
Unauthorized: /api/notifications/
Unauthorized: /api/notifications/
Bad Request: /api/token/refresh/
Bad Request: /api/token/refresh/
Unauthorized: /api/notifications/
Unauthorized: /api/notifications/
Bad Request: /api/token/refresh/
Bad Request: /api/token/refresh/
Unauthorized: /api/notifications/
Unauthorized: /api/notifications/
Bad Request: /api/token/refresh/
Bad Request: /api/token/refresh/
Unauthorized: /api/notifications/
Unauthorized: /api/notifications/
Bad Request: /api/token/refresh/
Bad Request: /api/token/refresh/
Unauthorized: /api/notifications/
Unauthorized: /api/notifications/
Bad Request: /api/token/refresh/
Bad Request: /api/token/refresh/
Unauthorized: /api/notifications/
Unauthorized: /api/notifications/
Bad Request: /api/token/refresh/
Bad Request: /api/token/refresh/
Unauthorized: /api/notifications/
Unauthorized: /api/notifications/
Bad Request: /api/token/refresh/
Bad Request: /api/token/refresh/
Unauthorized: /api/notifications/
Unauthorized: /api/notifications/
Bad Request: /api/token/refresh/
Bad Request: /api/token/refresh/
Unauthorized: /api/notifications/
Unauthorized: /api/notifications/
Bad Request: /api/token/refresh/
Bad Request: /api/token/refresh/
Unauthorized: /api/notifications/
Unauthorized: /api/notifications/
Bad Request: /api/token/refresh/
Bad Request: /api/token/refresh/
Unauthorized: /api/notifications/
Unauthorized: /api/notifications/
Bad Request: /api/token/refresh/
Bad Request: /api/token/refresh/
Unauthorized: /api/notifications/
Unauthorized: /api/notifications/
Bad Request: /api/token/refresh/
Bad Request: /api/token/refresh/
Unauthorized: /api/notifications/
Unauthorized: /api/notifications/
Bad Request: /api/token/refresh/
Bad Request: /api/token/refresh/
Unauthorized: /api/notifications/
Unauthorized: /api/notifications/
Bad Request: /api/token/refresh/
Bad Request: /api/token/refresh/
Unauthorized: /api/notifications/
Bad Request: /api/token/refresh/
Unauthorized: /api/notifications/
Unauthorized: /api/notifications/
Bad Request: /api/token/refresh/
Unauthorized: /api/notifications/
Bad Request: /api/token/refresh/
Unauthorized: /api/notifications/
Unauthorized: /api/notifications/
Bad Request: /api/token/refresh/
Bad Request: /api/token/refresh/
Unauthorized: /api/notifications/
Unauthorized: /api/notifications/
Bad Request: /api/token/refresh/
Bad Request: /api/token/refresh/
Unauthorized: /api/notifications/
Unauthorized: /api/notifications/
Bad Request: /api/token/refresh/
Bad Request: /api/token/refresh/
Unauthorized: /api/notifications/
Unauthorized: /api/notifications/
Bad Request: /api/token/refresh/
Bad Request: /api/token/refresh/
Unauthorized: /api/notifications/
Unauthorized: /api/notifications/
Bad Request: /api/token/refresh/
Bad Request: /api/token/refresh/
Unauthorized: /api/notifications/
Unauthorized: /api/notifications/
Bad Request: /api/token/refresh/
Bad Request: /api/token/refresh/
Unauthorized: /api/notifications/
Unauthorized: /api/notifications/
Bad Request: /api/token/refresh/
Bad Request: /api/token/refresh/
Unauthorized: /api/notifications/
Unauthorized: /api/notifications/
Bad Request: /api/token/refresh/
Bad Request: /api/token/refresh/
Unauthorized: /api/notifications/
Unauthorized: /api/notifications/
Bad Request: /api/token/refresh/
Bad Request: /api/token/refresh/
Unauthorized: /api/notifications/
Unauthorized: /api/notifications/
Bad Request: /api/token/refresh/
Bad Request: /api/token/refresh/
Unauthorized: /api/notifications/
Unauthorized: /api/notifications/
Bad Request: /api/token/refresh/
Bad Request: /api/token/refresh/
Unauthorized: /api/notifications/
Unauthorized: /api/notifications/
Bad Request: /api/token/refresh/
Bad Request: /api/token/refresh/
Unauthorized: /api/notifications/
Unauthorized: /api/notifications/
Bad Request: /api/token/refresh/
Bad Request: /api/token/refresh/
Unauthorized: /api/notifications/
Unauthorized: /api/notifications/
Bad Request: /api/token/refresh/
Bad Request: /api/token/refresh/
Unauthorized: /api/notifications/
Unauthorized: /api/notifications/
Bad Request: /api/token/refresh/
Bad Request: /api/token/refresh/
Unauthorized: /api/notifications/
Unauthorized: /api/notifications/
Bad Request: /api/token/refresh/
Bad Request: /api/token/refresh/
Unauthorized: /api/notifications/
Unauthorized: /api/notifications/
Bad Request: /api/token/refresh/
Bad Request: /api/token/refresh/
Unauthorized: /api/notifications/
Unauthorized: /api/notifications/
Bad Request: /api/token/refresh/
Bad Request: /api/token/refresh/
Unauthorized: /api/notifications/
Unauthorized: /api/notifications/
Bad Request: /api/token/refresh/
Bad Request: /api/token/refresh/
Unauthorized: /api/notifications/
Unauthorized: /api/notifications/
Bad Request: /api/token/refresh/
Bad Request: /api/token/refresh/
Unauthorized: /api/notifications/
Unauthorized: /api/notifications/
Bad Request: /api/token/refresh/
Bad Request: /api/token/refresh/
Unauthorized: /api/notifications/
Unauthorized: /api/notifications/
Bad Request: /api/token/refresh/
Bad Request: /api/token/refresh/
Unauthorized: /api/notifications/
Unauthorized: /api/notifications/
Bad Request: /api/token/refresh/
Bad Request: /api/token/refresh/
Unauthorized: /api/notifications/
Unauthorized: /api/notifications/
Bad Request: /api/token/refresh/
Bad Request: /api/token/refresh/
Unauthorized: /api/notifications/
Unauthorized: /api/notifications/
Bad Request: /api/token/refresh/
Bad Request: /api/token/refresh/
Unauthorized: /api/notifications/
Unauthorized: /api/notifications/
Bad Request: /api/token/refresh/
Bad Request: /api/token/refresh/
Unauthorized: /api/notifications/
Unauthorized: /api/notifications/
Bad Request: /api/token/refresh/
Bad Request: /api/token/refresh/
Unauthorized: /api/notifications/
Unauthorized: /api/notifications/
Bad Request: /api/token/refresh/
Bad Request: /api/token/refresh/
Unauthorized: /api/notifications/
Unauthorized: /api/notifications/
Bad Request: /api/token/refresh/
Bad Request: /api/token/refresh/
Unauthorized: /api/notifications/
Unauthorized: /api/notifications/
Bad Request: /api/token/refresh/
Bad Request: /api/token/refresh/
Unauthorized: /api/notifications/
Unauthorized: /api/notifications/
Bad Request: /api/token/refresh/
Bad Request: /api/token/refresh/
Unauthorized: /api/notifications/
Unauthorized: /api/notifications/
Bad Request: /api/token/refresh/
Bad Request: /api/token/refresh/
Unauthorized: /api/notifications/
Unauthorized: /api/notifications/
Bad Request: /api/token/refresh/
Bad Request: /api/token/refresh/
Unauthorized: /api/notifications/
Unauthorized: /api/notifications/
Bad Request: /api/token/refresh/
Bad Request: /api/token/refresh/
Unauthorized: /api/notifications/
Unauthorized: /api/notifications/
Bad Request: /api/token/refresh/
Bad Request: /api/token/refresh/
Unauthorized: /api/notifications/
Unauthorized: /api/notifications/
Bad Request: /api/token/refresh/
Bad Request: /api/token/refresh/
Unauthorized: /api/notifications/
Unauthorized: /api/notifications/
Bad Request: /api/token/refresh/
Bad Request: /api/token/refresh/
Unauthorized: /api/notifications/
Unauthorized: /api/notifications/
Bad Request: /api/token/refresh/
Bad Request: /api/token/refresh/
Unauthorized: /api/notifications/
Unauthorized: /api/notifications/
Bad Request: /api/token/refresh/
Bad Request: /api/token/refresh/
Unauthorized: /api/notifications/
Unauthorized: /api/notifications/
Bad Request: /api/token/refresh/
Bad Request: /api/token/refresh/
Unauthorized: /api/notifications/
Unauthorized: /api/notifications/
Bad Request: /api/token/refresh/
Bad Request: /api/token/refresh/
Unauthorized: /api/notifications/
Unauthorized: /api/notifications/
Bad Request: /api/token/refresh/
Bad Request: /api/token/refresh/
Unauthorized: /api/notifications/
Unauthorized: /api/notifications/
Bad Request: /api/token/refresh/
Bad Request: /api/token/refresh/
Unauthorized: /api/notifications/
Unauthorized: /api/notifications/
Bad Request: /api/token/refresh/
Bad Request: /api/token/refresh/
Unauthorized: /api/notifications/
Unauthorized: /api/notifications/
Bad Request: /api/token/refresh/
Bad Request: /api/token/refresh/
Unauthorized: /api/notifications/
Unauthorized: /api/notifications/
Bad Request: /api/token/refresh/
Bad Request: /api/token/refresh/
Unauthorized: /api/notifications/
Unauthorized: /api/notifications/
Bad Request: /api/token/refresh/
Bad Request: /api/token/refresh/
Unauthorized: /api/notifications/
Unauthorized: /api/notifications/
Bad Request: /api/token/refresh/
Bad Request: /api/token/refresh/
Unauthorized: /api/notifications/
Unauthorized: /api/notifications/
Bad Request: /api/token/refresh/
Bad Request: /api/token/refresh/
Unauthorized: /api/notifications/
Unauthorized: /api/notifications/
Bad Request: /api/token/refresh/
Bad Request: /api/token/refresh/
Unauthorized: /api/notifications/
Unauthorized: /api/notifications/
Bad Request: /api/token/refresh/
Bad Request: /api/token/refresh/
Unauthorized: /api/notifications/
Unauthorized: /api/notifications/
Bad Request: /api/token/refresh/
Bad Request: /api/token/refresh/
Unauthorized: /api/notifications/
Unauthorized: /api/notifications/
Bad Request: /api/token/refresh/
Bad Request: /api/token/refresh/
Unauthorized: /api/notifications/
Unauthorized: /api/notifications/
Bad Request: /api/token/refresh/
Bad Request: /api/token/refresh/
Unauthorized: /api/notifications/
Unauthorized: /api/notifications/
Bad Request: /api/token/refresh/
Bad Request: /api/token/refresh/
Unauthorized: /api/notifications/
Unauthorized: /api/notifications/
Bad Request: /api/token/refresh/
Bad Request: /api/token/refresh/
Unauthorized: /api/notifications/
Unauthorized: /api/notifications/
Bad Request: /api/token/refresh/
Bad Request: /api/token/refresh/
Unauthorized: /api/notifications/
Unauthorized: /api/notifications/
Bad Request: /api/token/refresh/
Bad Request: /api/token/refresh/
Unauthorized: /api/notifications/
Unauthorized: /api/notifications/
Bad Request: /api/token/refresh/
Bad Request: /api/token/refresh/
Unauthorized: /api/notifications/
Unauthorized: /api/notifications/
Bad Request: /api/token/refresh/
Bad Request: /api/token/refresh/
Unauthorized: /api/notifications/
Unauthorized: /api/notifications/
Bad Request: /api/token/refresh/
Bad Request: /api/token/refresh/
Unauthorized: /api/notifications/
Unauthorized: /api/notifications/
Bad Request: /api/token/refresh/
Bad Request: /api/token/refresh/
Unauthorized: /api/notifications/
Unauthorized: /api/notifications/
Bad Request: /api/token/refresh/
Bad Request: /api/token/refresh/
Unauthorized: /api/notifications/
Unauthorized: /api/notifications/
Bad Request: /api/token/refresh/
Bad Request: /api/token/refresh/
Unauthorized: /api/notifications/
Unauthorized: /api/notifications/
Bad Request: /api/token/refresh/
Bad Request: /api/token/refresh/
Unauthorized: /api/notifications/
Unauthorized: /api/notifications/
Bad Request: /api/token/refresh/
Bad Request: /api/token/refresh/
Unauthorized: /api/notifications/
Unauthorized: /api/notifications/
Bad Request: /api/token/refresh/
Bad Request: /api/token/refresh/
Unauthorized: /api/notifications/
Unauthorized: /api/notifications/
Bad Request: /api/token/refresh/
Bad Request: /api/token/refresh/
Unauthorized: /api/notifications/
Unauthorized: /api/notifications/
Bad Request: /api/token/refresh/
Bad Request: /api/token/refresh/
Unauthorized: /api/notifications/
Unauthorized: /api/notifications/
Bad Request: /api/token/refresh/
Bad Request: /api/token/refresh/
Unauthorized: /api/notifications/
Unauthorized: /api/notifications/
Bad Request: /api/token/refresh/
Bad Request: /api/token/refresh/
Unauthorized: /api/notifications/
Unauthorized: /api/notifications/
Bad Request: /api/token/refresh/
Bad Request: /api/token/refresh/
Unauthorized: /api/notifications/
Unauthorized: /api/notifications/
Bad Request: /api/token/refresh/
Bad Request: /api/token/refresh/
Unauthorized: /api/notifications/
Unauthorized: /api/notifications/
Bad Request: /api/token/refresh/
Bad Request: /api/token/refresh/
Unauthorized: /api/notifications/
Unauthorized: /api/notifications/
Bad Request: /api/token/refresh/
Bad Request: /api/token/refresh/
Unauthorized: /api/notifications/
Unauthorized: /api/notifications/
Bad Request: /api/token/refresh/
Bad Request: /api/token/refresh/
Unauthorized: /api/notifications/
Unauthorized: /api/notifications/
Bad Request: /api/token/refresh/
Bad Request: /api/token/refresh/
Unauthorized: /api/notifications/
Unauthorized: /api/notifications/
Bad Request: /api/token/refresh/
Bad Request: /api/token/refresh/
Unauthorized: /api/notifications/
Unauthorized: /api/notifications/
Bad Request: /api/token/refresh/
Bad Request: /api/token/refresh/
Unauthorized: /api/notifications/
Unauthorized: /api/notifications/
Bad Request: /api/token/refresh/
Bad Request: /api/token/refresh/
Unauthorized: /api/notifications/
Unauthorized: /api/notifications/
Bad Request: /api/token/refresh/
Bad Request: /api/token/refresh/
Unauthorized: /api/notifications/
Bad Request: /api/token/refresh/
Unauthorized: /api/notifications/
Unauthorized: /api/notifications/
Unauthorized: /api/notifications/
Bad Request: /api/token/refresh/
Bad Request: /api/token/refresh/
Unauthorized: /api/notifications/
Unauthorized: /api/notifications/
Bad Request: /api/token/refresh/
Bad Request: /api/token/refresh/
Unauthorized: /api/notifications/
Unauthorized: /api/notifications/
Bad Request: /api/token/refresh/
Bad Request: /api/token/refresh/
Unauthorized: /api/notifications/
Unauthorized: /api/notifications/
Bad Request: /api/token/refresh/
Bad Request: /api/token/refresh/
Unauthorized: /api/notifications/
Unauthorized: /api/notifications/
Bad Request: /api/token/refresh/
Bad Request: /api/token/refresh/
Unauthorized: /api/notifications/
Unauthorized: /api/notifications/
Bad Request: /api/token/refresh/
Bad Request: /api/token/refresh/
Unauthorized: /api/notifications/
Bad Request: /api/token/refresh/
Unauthorized: /api/notifications/
Unauthorized: /api/notifications/
Bad Request: /api/token/refresh/
Bad Request: /api/token/refresh/
Unauthorized: /api/notifications/
Unauthorized: /api/notifications/
Bad Request: /api/token/refresh/
Bad Request: /api/token/refresh/
Unauthorized: /api/notifications/
Unauthorized: /api/notifications/
Bad Request: /api/token/refresh/
Bad Request: /api/token/refresh/
Unauthorized: /api/notifications/
Unauthorized: /api/notifications/
Bad Request: /api/token/refresh/
Bad Request: /api/token/refresh/
Unauthorized: /api/notifications/
Unauthorized: /api/notifications/
Bad Request: /api/token/refresh/
Bad Request: /api/token/refresh/
Unauthorized: /api/notifications/
Unauthorized: /api/notifications/
Bad Request: /api/token/refresh/
Bad Request: /api/token/refresh/
Unauthorized: /api/notifications/
Unauthorized: /api/notifications/
Bad Request: /api/token/refresh/
Bad Request: /api/token/refresh/
Unauthorized: /api/users/login/
Unauthorized: /api/users/login/
Not Found: /api/reviews/
Not Found: /api/reviews/
Not Found: /media/https:/img.freepik.com/premium-photo/drawing-person-wearing-headphones-wearing-headphones_1004054-21672.jpg?semt=ais_hybrid&w=740&q=80
Not Found: /media/https:/img.freepik.com/premium-photo/drawing-person-wearing-headphones-wearing-headphones_1004054-21672.jpg?semt=ais_hybrid&w=740&q=80
Not Found: /media/https:/img.freepik.com/premium-photo/drawing-person-wearing-headphones-wearing-headphones_1004054-21672.jpg?semt=ais_hybrid&w=740&q=80
Not Found: /media/https:/img.freepik.com/premium-photo/drawing-person-wearing-headphones-wearing-headphones_1004054-21672.jpg?semt=ais_hybrid&w=740&q=80
Not Found: /media/https:/img.freepik.com/premium-photo/drawing-person-wearing-headphones-wearing-headphones_1004054-21672.jpg?semt=ais_hybrid&w=740&q=80
Not Found: /media/https:/img.freepik.com/premium-photo/drawing-person-wearing-headphones-wearing-headphones_1004054-21672.jpg?semt=ais_hybrid&w=740&q=80
Not Found: /media/https:/img.freepik.com/premium-photo/drawing-person-wearing-headphones-wearing-headphones_1004054-21672.jpg?semt=ais_hybrid&w=740&q=80
Not Found: /media/https:/img.freepik.com/premium-photo/drawing-person-wearing-headphones-wearing-headphones_1004054-21672.jpg?semt=ais_hybrid&w=740&q=80
Not Found: /media/https:/img.freepik.com/premium-photo/drawing-person-wearing-headphones-wearing-headphones_1004054-21672.jpg?semt=ais_hybrid&w=740&q=80
C:\Users\haith\OneDrive\Bureau\dev port\backend\users\models.py changed, reloading.
Watching for file changes with StatReloader
C:\Users\haith\OneDrive\Bureau\dev port\backend\games\views.py changed, reloading.
Watching for file changes with StatReloader
C:\Users\haith\OneDrive\Bureau\dev port\backend\games\views.py changed, reloading.
Watching for file changes with StatReloader
C:\Users\haith\OneDrive\Bureau\dev port\backend\users\views.py changed, reloading.
Watching for file changes with StatReloader
C:\Users\haith\OneDrive\Bureau\dev port\backend\users\views.py changed, reloading.
Watching for file changes with StatReloader
C:\Users\haith\OneDrive\Bureau\dev port\backend\backend\urls.py changed, reloading.
Watching for file changes with StatReloader
C:\Users\haith\OneDrive\Bureau\dev port\backend\backend\urls.py changed, reloading.
Watching for file changes with StatReloader
C:\Users\haith\OneDrive\Bureau\dev port\backend\backend\urls.py changed, reloading.
Watching for file changes with StatReloader
C:\Users\haith\OneDrive\Bureau\dev port\backend\backend\urls.py changed, reloading.
Watching for file changes with StatReloader
Not Found: /api/proxy-image/
Not Found: /api/proxy-image/
C:\Users\haith\OneDrive\Bureau\dev port\backend\backend\urls.py changed, reloading.
Watching for file changes with StatReloader
Not Found: /api/proxy-image/
Not Found: /api/proxy-image/
Not Found: /api/proxy-image/
Not Found: /api/reviews/
Not Found: /api/reviews/
Not Found: /api/reviews/
Not Found: /api/reviews/
Not Found: /api/reviews/
Not Found: /api/reviews/
Not Found: /api/reviews/
Not Found: /api/reviews/
Not Found: /api/reviews/
Not Found: /api/reviews/
Not Found: /api/reviews/
Not Found: /api/reviews/
Not Found: /api/reviews/
Not Found: /api/reviews/
Not Found: /api/reviews/
Not Found: /api/reviews/
Internal Server Error: /api/games/wishlist/
Traceback (most recent call last):
  File "C:\Users\haith\AppData\Local\Programs\Python\Python312\Lib\site-packages\django\db\backends\utils.py", line 105, in _execute
    return self.cursor.execute(sql, params)
           ^^^^^^^^^^^^^^^^^^^^^^^^^^^^^^^^
  File "C:\Users\haith\AppData\Local\Programs\Python\Python312\Lib\site-packages\django\db\backends\mysql\base.py", line 78, in execute
    return self.cursor.execute(query, args)
           ^^^^^^^^^^^^^^^^^^^^^^^^^^^^^^^^
  File "C:\Users\haith\AppData\Local\Programs\Python\Python312\Lib\site-packages\MySQLdb\cursors.py", line 179, in execute
    res = self._query(mogrified_query)
          ^^^^^^^^^^^^^^^^^^^^^^^^^^^^
  File "C:\Users\haith\AppData\Local\Programs\Python\Python312\Lib\site-packages\MySQLdb\cursors.py", line 330, in _query
    db.query(q)
  File "C:\Users\haith\AppData\Local\Programs\Python\Python312\Lib\site-packages\MySQLdb\connections.py", line 280, in query
    _mysql.connection.query(self, query)
MySQLdb.IntegrityError: (1062, "Duplicate entry '10-6' for key 'wishlists.wishlists_user_id_game_id_162cfa6c_uniq'")

The above exception was the direct cause of the following exception:

Traceback (most recent call last):
  File "C:\Users\haith\AppData\Local\Programs\Python\Python312\Lib\site-packages\django\core\handlers\exception.py", line 55, in inner
    response = get_response(request)
               ^^^^^^^^^^^^^^^^^^^^^
  File "C:\Users\haith\AppData\Local\Programs\Python\Python312\Lib\site-packages\django\core\handlers\base.py", line 198, in _get_response
    response = wrapped_callback(request, *callback_args, **callback_kwargs)
               ^^^^^^^^^^^^^^^^^^^^^^^^^^^^^^^^^^^^^^^^^^^^^^^^^^^^^^^^^^^^
  File "C:\Users\haith\AppData\Local\Programs\Python\Python312\Lib\site-packages\django\views\decorators\csrf.py", line 65, in _view_wrapper
    return view_func(request, *args, **kwargs)
           ^^^^^^^^^^^^^^^^^^^^^^^^^^^^^^^^^^^
  File "C:\Users\haith\AppData\Local\Programs\Python\Python312\Lib\site-packages\django\views\generic\base.py", line 106, in view
    return self.dispatch(request, *args, **kwargs)
           ^^^^^^^^^^^^^^^^^^^^^^^^^^^^^^^^^^^^^^^
  File "C:\Users\haith\AppData\Local\Programs\Python\Python312\Lib\site-packages\rest_framework\views.py", line 515, in dispatch
    response = self.handle_exception(exc)
               ^^^^^^^^^^^^^^^^^^^^^^^^^^
  File "C:\Users\haith\AppData\Local\Programs\Python\Python312\Lib\site-packages\rest_framework\views.py", line 475, in handle_exception
    self.raise_uncaught_exception(exc)
  File "C:\Users\haith\AppData\Local\Programs\Python\Python312\Lib\site-packages\rest_framework\views.py", line 486, in raise_uncaught_exception
    raise exc
  File "C:\Users\haith\AppData\Local\Programs\Python\Python312\Lib\site-packages\rest_framework\views.py", line 512, in dispatch
    response = handler(request, *args, **kwargs)
               ^^^^^^^^^^^^^^^^^^^^^^^^^^^^^^^^^
  File "C:\Users\haith\AppData\Local\Programs\Python\Python312\Lib\site-packages\rest_framework\generics.py", line 246, in post
    return self.create(request, *args, **kwargs)
           ^^^^^^^^^^^^^^^^^^^^^^^^^^^^^^^^^^^^^
  File "C:\Users\haith\AppData\Local\Programs\Python\Python312\Lib\site-packages\rest_framework\mixins.py", line 19, in create
    self.perform_create(serializer)
  File "C:\Users\haith\OneDrive\Bureau\dev port\backend\games\views.py", line 64, in perform_create
    serializer.save(user=self.request.user)
  File "C:\Users\haith\AppData\Local\Programs\Python\Python312\Lib\site-packages\rest_framework\serializers.py", line 210, in save
    self.instance = self.create(validated_data)
                    ^^^^^^^^^^^^^^^^^^^^^^^^^^^
  File "C:\Users\haith\AppData\Local\Programs\Python\Python312\Lib\site-packages\rest_framework\serializers.py", line 991, in create
    instance = ModelClass._default_manager.create(**validated_data)
               ^^^^^^^^^^^^^^^^^^^^^^^^^^^^^^^^^^^^^^^^^^^^^^^^^^^^
  File "C:\Users\haith\AppData\Local\Programs\Python\Python312\Lib\site-packages\django\db\models\manager.py", line 87, in manager_method
    return getattr(self.get_queryset(), name)(*args, **kwargs)
           ^^^^^^^^^^^^^^^^^^^^^^^^^^^^^^^^^^^^^^^^^^^^^^^^^^^
  File "C:\Users\haith\AppData\Local\Programs\Python\Python312\Lib\site-packages\django\db\models\query.py", line 669, in create
    obj.save(force_insert=True, using=self.db)
  File "C:\Users\haith\AppData\Local\Programs\Python\Python312\Lib\site-packages\django\db\models\base.py", line 874, in save
    self.save_base(
  File "C:\Users\haith\AppData\Local\Programs\Python\Python312\Lib\site-packages\django\db\models\base.py", line 966, in save_base
    updated = self._save_table(
              ^^^^^^^^^^^^^^^^^
  File "C:\Users\haith\AppData\Local\Programs\Python\Python312\Lib\site-packages\django\db\models\base.py", line 1169, in _save_table
    results = self._do_insert(
              ^^^^^^^^^^^^^^^^
  File "C:\Users\haith\AppData\Local\Programs\Python\Python312\Lib\site-packages\django\db\models\base.py", line 1220, in _do_insert
    return manager._insert(
           ^^^^^^^^^^^^^^^^
  File "C:\Users\haith\AppData\Local\Programs\Python\Python312\Lib\site-packages\django\db\models\manager.py", line 87, in manager_method
    return getattr(self.get_queryset(), name)(*args, **kwargs)
           ^^^^^^^^^^^^^^^^^^^^^^^^^^^^^^^^^^^^^^^^^^^^^^^^^^^
  File "C:\Users\haith\AppData\Local\Programs\Python\Python312\Lib\site-packages\django\db\models\query.py", line 1918, in _insert
    return query.get_compiler(using=using).execute_sql(returning_fields)
           ^^^^^^^^^^^^^^^^^^^^^^^^^^^^^^^^^^^^^^^^^^^^^^^^^^^^^^^^^^^^^
  File "C:\Users\haith\AppData\Local\Programs\Python\Python312\Lib\site-packages\django\db\models\sql\compiler.py", line 1925, in execute_sql
    cursor.execute(sql, params)
  File "C:\Users\haith\AppData\Local\Programs\Python\Python312\Lib\site-packages\django\db\backends\utils.py", line 122, in execute
    return super().execute(sql, params)
           ^^^^^^^^^^^^^^^^^^^^^^^^^^^^
  File "C:\Users\haith\AppData\Local\Programs\Python\Python312\Lib\site-packages\django\db\backends\utils.py", line 79, in execute
    return self._execute_with_wrappers(
           ^^^^^^^^^^^^^^^^^^^^^^^^^^^^
  File "C:\Users\haith\AppData\Local\Programs\Python\Python312\Lib\site-packages\django\db\backends\utils.py", line 92, in _execute_with_wrappers
    return executor(sql, params, many, context)
           ^^^^^^^^^^^^^^^^^^^^^^^^^^^^^^^^^^^^
  File "C:\Users\haith\AppData\Local\Programs\Python\Python312\Lib\site-packages\django\db\backends\utils.py", line 100, in _execute
    with self.db.wrap_database_errors:
         ^^^^^^^^^^^^^^^^^^^^^^^^^^^^
  File "C:\Users\haith\AppData\Local\Programs\Python\Python312\Lib\site-packages\django\db\utils.py", line 94, in __exit__
    raise dj_exc_value.with_traceback(traceback) from exc_value
  File "C:\Users\haith\AppData\Local\Programs\Python\Python312\Lib\site-packages\django\db\backends\utils.py", line 105, in _execute
    return self.cursor.execute(sql, params)
           ^^^^^^^^^^^^^^^^^^^^^^^^^^^^^^^^
  File "C:\Users\haith\AppData\Local\Programs\Python\Python312\Lib\site-packages\django\db\backends\mysql\base.py", line 78, in execute
    return self.cursor.execute(query, args)
           ^^^^^^^^^^^^^^^^^^^^^^^^^^^^^^^^
  File "C:\Users\haith\AppData\Local\Programs\Python\Python312\Lib\site-packages\MySQLdb\cursors.py", line 179, in execute
    res = self._query(mogrified_query)
          ^^^^^^^^^^^^^^^^^^^^^^^^^^^^
  File "C:\Users\haith\AppData\Local\Programs\Python\Python312\Lib\site-packages\MySQLdb\cursors.py", line 330, in _query
    db.query(q)
  File "C:\Users\haith\AppData\Local\Programs\Python\Python312\Lib\site-packages\MySQLdb\connections.py", line 280, in query
    _mysql.connection.query(self, query)
django.db.utils.IntegrityError: (1062, "Duplicate entry '10-6' for key 'wishlists.wishlists_user_id_game_id_162cfa6c_uniq'")
C:\Users\haith\OneDrive\Bureau\dev port\backend\games\views.py changed, reloading.
Watching for file changes with StatReloader
C:\Users\haith\OneDrive\Bureau\dev port\backend\games\views.py changed, reloading.
Watching for file changes with StatReloader
C:\Users\haith\OneDrive\Bureau\dev port\backend\games\views.py changed, reloading.
Watching for file changes with StatReloader
C:\Users\haith\OneDrive\Bureau\dev port\backend\games\urls.py changed, reloading.
Watching for file changes with StatReloader
C:\Users\haith\OneDrive\Bureau\dev port\backend\games\views.py changed, reloading.
Watching for file changes with StatReloader
C:\Users\haith\OneDrive\Bureau\dev port\backend\games\views.py changed, reloading.
Watching for file changes with StatReloader
Games count: 4
Internal Server Error: /api/games/
Traceback (most recent call last):
  File "C:\Users\haith\AppData\Local\Programs\Python\Python312\Lib\site-packages\django\core\handlers\exception.py", line 55, in inner
    response = get_response(request)
               ^^^^^^^^^^^^^^^^^^^^^
  File "C:\Users\haith\AppData\Local\Programs\Python\Python312\Lib\site-packages\django\core\handlers\base.py", line 198, in _get_response
    response = wrapped_callback(request, *callback_args, **callback_kwargs)
               ^^^^^^^^^^^^^^^^^^^^^^^^^^^^^^^^^^^^^^^^^^^^^^^^^^^^^^^^^^^^
  File "C:\Users\haith\AppData\Local\Programs\Python\Python312\Lib\site-packages\django\views\decorators\csrf.py", line 65, in _view_wrapper
    return view_func(request, *args, **kwargs)
           ^^^^^^^^^^^^^^^^^^^^^^^^^^^^^^^^^^^
  File "C:\Users\haith\AppData\Local\Programs\Python\Python312\Lib\site-packages\django\views\generic\base.py", line 106, in view
    return self.dispatch(request, *args, **kwargs)
           ^^^^^^^^^^^^^^^^^^^^^^^^^^^^^^^^^^^^^^^
  File "C:\Users\haith\AppData\Local\Programs\Python\Python312\Lib\site-packages\rest_framework\views.py", line 515, in dispatch
    response = self.handle_exception(exc)
               ^^^^^^^^^^^^^^^^^^^^^^^^^^
  File "C:\Users\haith\AppData\Local\Programs\Python\Python312\Lib\site-packages\rest_framework\views.py", line 475, in handle_exception
    self.raise_uncaught_exception(exc)
  File "C:\Users\haith\AppData\Local\Programs\Python\Python312\Lib\site-packages\rest_framework\views.py", line 486, in raise_uncaught_exception
    raise exc
  File "C:\Users\haith\AppData\Local\Programs\Python\Python312\Lib\site-packages\rest_framework\views.py", line 512, in dispatch
    response = handler(request, *args, **kwargs)
               ^^^^^^^^^^^^^^^^^^^^^^^^^^^^^^^^^
  File "C:\Users\haith\AppData\Local\Programs\Python\Python312\Lib\site-packages\rest_framework\generics.py", line 243, in get
    return self.list(request, *args, **kwargs)
           ^^^^^^^^^^^^^^^^^^^^^^^^^^^^^^^^^^^
  File "C:\Users\haith\OneDrive\Bureau\dev port\backend\games\views.py", line 38, in list
    first_game = response.data[0]
                 ~~~~~~~~~~~~~^^^
KeyError: 0
Games count: 4
Internal Server Error: /api/games/
Traceback (most recent call last):
  File "C:\Users\haith\AppData\Local\Programs\Python\Python312\Lib\site-packages\django\core\handlers\exception.py", line 55, in inner
    response = get_response(request)
               ^^^^^^^^^^^^^^^^^^^^^
  File "C:\Users\haith\AppData\Local\Programs\Python\Python312\Lib\site-packages\django\core\handlers\base.py", line 198, in _get_response
    response = wrapped_callback(request, *callback_args, **callback_kwargs)
               ^^^^^^^^^^^^^^^^^^^^^^^^^^^^^^^^^^^^^^^^^^^^^^^^^^^^^^^^^^^^
  File "C:\Users\haith\AppData\Local\Programs\Python\Python312\Lib\site-packages\django\views\decorators\csrf.py", line 65, in _view_wrapper
    return view_func(request, *args, **kwargs)
           ^^^^^^^^^^^^^^^^^^^^^^^^^^^^^^^^^^^
  File "C:\Users\haith\AppData\Local\Programs\Python\Python312\Lib\site-packages\django\views\generic\base.py", line 106, in view
    return self.dispatch(request, *args, **kwargs)
           ^^^^^^^^^^^^^^^^^^^^^^^^^^^^^^^^^^^^^^^
  File "C:\Users\haith\AppData\Local\Programs\Python\Python312\Lib\site-packages\rest_framework\views.py", line 515, in dispatch
    response = self.handle_exception(exc)
               ^^^^^^^^^^^^^^^^^^^^^^^^^^
  File "C:\Users\haith\AppData\Local\Programs\Python\Python312\Lib\site-packages\rest_framework\views.py", line 475, in handle_exception
    self.raise_uncaught_exception(exc)
  File "C:\Users\haith\AppData\Local\Programs\Python\Python312\Lib\site-packages\rest_framework\views.py", line 486, in raise_uncaught_exception
    raise exc
  File "C:\Users\haith\AppData\Local\Programs\Python\Python312\Lib\site-packages\rest_framework\views.py", line 512, in dispatch
    response = handler(request, *args, **kwargs)
               ^^^^^^^^^^^^^^^^^^^^^^^^^^^^^^^^^
  File "C:\Users\haith\AppData\Local\Programs\Python\Python312\Lib\site-packages\rest_framework\generics.py", line 243, in get
    return self.list(request, *args, **kwargs)
           ^^^^^^^^^^^^^^^^^^^^^^^^^^^^^^^^^^^
  File "C:\Users\haith\OneDrive\Bureau\dev port\backend\games\views.py", line 38, in list
    first_game = response.data[0]
                 ~~~~~~~~~~~~~^^^
KeyError: 0
Games count: 4
Internal Server Error: /api/games/
Traceback (most recent call last):
  File "C:\Users\haith\AppData\Local\Programs\Python\Python312\Lib\site-packages\django\core\handlers\exception.py", line 55, in inner
    response = get_response(request)
               ^^^^^^^^^^^^^^^^^^^^^
  File "C:\Users\haith\AppData\Local\Programs\Python\Python312\Lib\site-packages\django\core\handlers\base.py", line 198, in _get_response
    response = wrapped_callback(request, *callback_args, **callback_kwargs)
               ^^^^^^^^^^^^^^^^^^^^^^^^^^^^^^^^^^^^^^^^^^^^^^^^^^^^^^^^^^^^
  File "C:\Users\haith\AppData\Local\Programs\Python\Python312\Lib\site-packages\django\views\decorators\csrf.py", line 65, in _view_wrapper
    return view_func(request, *args, **kwargs)
           ^^^^^^^^^^^^^^^^^^^^^^^^^^^^^^^^^^^
  File "C:\Users\haith\AppData\Local\Programs\Python\Python312\Lib\site-packages\django\views\generic\base.py", line 106, in view
    return self.dispatch(request, *args, **kwargs)
           ^^^^^^^^^^^^^^^^^^^^^^^^^^^^^^^^^^^^^^^
  File "C:\Users\haith\AppData\Local\Programs\Python\Python312\Lib\site-packages\rest_framework\views.py", line 515, in dispatch
    response = self.handle_exception(exc)
               ^^^^^^^^^^^^^^^^^^^^^^^^^^
  File "C:\Users\haith\AppData\Local\Programs\Python\Python312\Lib\site-packages\rest_framework\views.py", line 475, in handle_exception
    self.raise_uncaught_exception(exc)
  File "C:\Users\haith\AppData\Local\Programs\Python\Python312\Lib\site-packages\rest_framework\views.py", line 486, in raise_uncaught_exception
    raise exc
  File "C:\Users\haith\AppData\Local\Programs\Python\Python312\Lib\site-packages\rest_framework\views.py", line 512, in dispatch
    response = handler(request, *args, **kwargs)
               ^^^^^^^^^^^^^^^^^^^^^^^^^^^^^^^^^
  File "C:\Users\haith\AppData\Local\Programs\Python\Python312\Lib\site-packages\rest_framework\generics.py", line 243, in get
    return self.list(request, *args, **kwargs)
           ^^^^^^^^^^^^^^^^^^^^^^^^^^^^^^^^^^^
  File "C:\Users\haith\OneDrive\Bureau\dev port\backend\games\views.py", line 38, in list
    first_game = response.data[0]
                 ~~~~~~~~~~~~~^^^
KeyError: 0
C:\Users\haith\OneDrive\Bureau\dev port\backend\games\views.py changed, reloading.
Watching for file changes with StatReloader
Not Found: /api/reviews/
Not Found: /api/reviews/
Internal Server Error: /api/games/wishlist/
Traceback (most recent call last):
  File "C:\Users\haith\AppData\Local\Programs\Python\Python312\Lib\site-packages\django\db\backends\utils.py", line 105, in _execute
    return self.cursor.execute(sql, params)
           ^^^^^^^^^^^^^^^^^^^^^^^^^^^^^^^^
  File "C:\Users\haith\AppData\Local\Programs\Python\Python312\Lib\site-packages\django\db\backends\mysql\base.py", line 78, in execute
    return self.cursor.execute(query, args)
           ^^^^^^^^^^^^^^^^^^^^^^^^^^^^^^^^
  File "C:\Users\haith\AppData\Local\Programs\Python\Python312\Lib\site-packages\MySQLdb\cursors.py", line 179, in execute
    res = self._query(mogrified_query)
          ^^^^^^^^^^^^^^^^^^^^^^^^^^^^
  File "C:\Users\haith\AppData\Local\Programs\Python\Python312\Lib\site-packages\MySQLdb\cursors.py", line 330, in _query
    db.query(q)
  File "C:\Users\haith\AppData\Local\Programs\Python\Python312\Lib\site-packages\MySQLdb\connections.py", line 280, in query
    _mysql.connection.query(self, query)
MySQLdb.IntegrityError: (1062, "Duplicate entry '10-1' for key 'wishlists.wishlists_user_id_game_id_162cfa6c_uniq'")

The above exception was the direct cause of the following exception:

Traceback (most recent call last):
  File "C:\Users\haith\AppData\Local\Programs\Python\Python312\Lib\site-packages\django\core\handlers\exception.py", line 55, in inner
    response = get_response(request)
               ^^^^^^^^^^^^^^^^^^^^^
  File "C:\Users\haith\AppData\Local\Programs\Python\Python312\Lib\site-packages\django\core\handlers\base.py", line 198, in _get_response
    response = wrapped_callback(request, *callback_args, **callback_kwargs)
               ^^^^^^^^^^^^^^^^^^^^^^^^^^^^^^^^^^^^^^^^^^^^^^^^^^^^^^^^^^^^
  File "C:\Users\haith\AppData\Local\Programs\Python\Python312\Lib\site-packages\django\views\decorators\csrf.py", line 65, in _view_wrapper
    return view_func(request, *args, **kwargs)
           ^^^^^^^^^^^^^^^^^^^^^^^^^^^^^^^^^^^
  File "C:\Users\haith\AppData\Local\Programs\Python\Python312\Lib\site-packages\django\views\generic\base.py", line 106, in view
    return self.dispatch(request, *args, **kwargs)
           ^^^^^^^^^^^^^^^^^^^^^^^^^^^^^^^^^^^^^^^
  File "C:\Users\haith\AppData\Local\Programs\Python\Python312\Lib\site-packages\rest_framework\views.py", line 515, in dispatch
    response = self.handle_exception(exc)
               ^^^^^^^^^^^^^^^^^^^^^^^^^^
  File "C:\Users\haith\AppData\Local\Programs\Python\Python312\Lib\site-packages\rest_framework\views.py", line 475, in handle_exception
    self.raise_uncaught_exception(exc)
  File "C:\Users\haith\AppData\Local\Programs\Python\Python312\Lib\site-packages\rest_framework\views.py", line 486, in raise_uncaught_exception
    raise exc
  File "C:\Users\haith\AppData\Local\Programs\Python\Python312\Lib\site-packages\rest_framework\views.py", line 512, in dispatch
    response = handler(request, *args, **kwargs)
               ^^^^^^^^^^^^^^^^^^^^^^^^^^^^^^^^^
  File "C:\Users\haith\AppData\Local\Programs\Python\Python312\Lib\site-packages\rest_framework\generics.py", line 246, in post
    return self.create(request, *args, **kwargs)
           ^^^^^^^^^^^^^^^^^^^^^^^^^^^^^^^^^^^^^
  File "C:\Users\haith\AppData\Local\Programs\Python\Python312\Lib\site-packages\rest_framework\mixins.py", line 19, in create
    self.perform_create(serializer)
  File "C:\Users\haith\OneDrive\Bureau\dev port\backend\games\views.py", line 79, in perform_create
    serializer.save(user=self.request.user)
  File "C:\Users\haith\AppData\Local\Programs\Python\Python312\Lib\site-packages\rest_framework\serializers.py", line 210, in save
    self.instance = self.create(validated_data)
                    ^^^^^^^^^^^^^^^^^^^^^^^^^^^
  File "C:\Users\haith\AppData\Local\Programs\Python\Python312\Lib\site-packages\rest_framework\serializers.py", line 991, in create
    instance = ModelClass._default_manager.create(**validated_data)
               ^^^^^^^^^^^^^^^^^^^^^^^^^^^^^^^^^^^^^^^^^^^^^^^^^^^^
  File "C:\Users\haith\AppData\Local\Programs\Python\Python312\Lib\site-packages\django\db\models\manager.py", line 87, in manager_method
    return getattr(self.get_queryset(), name)(*args, **kwargs)
           ^^^^^^^^^^^^^^^^^^^^^^^^^^^^^^^^^^^^^^^^^^^^^^^^^^^
  File "C:\Users\haith\AppData\Local\Programs\Python\Python312\Lib\site-packages\django\db\models\query.py", line 669, in create
    obj.save(force_insert=True, using=self.db)
  File "C:\Users\haith\AppData\Local\Programs\Python\Python312\Lib\site-packages\django\db\models\base.py", line 874, in save
    self.save_base(
  File "C:\Users\haith\AppData\Local\Programs\Python\Python312\Lib\site-packages\django\db\models\base.py", line 966, in save_base
    updated = self._save_table(
              ^^^^^^^^^^^^^^^^^
  File "C:\Users\haith\AppData\Local\Programs\Python\Python312\Lib\site-packages\django\db\models\base.py", line 1169, in _save_table
    results = self._do_insert(
              ^^^^^^^^^^^^^^^^
  File "C:\Users\haith\AppData\Local\Programs\Python\Python312\Lib\site-packages\django\db\models\base.py", line 1220, in _do_insert
    return manager._insert(
           ^^^^^^^^^^^^^^^^
  File "C:\Users\haith\AppData\Local\Programs\Python\Python312\Lib\site-packages\django\db\models\manager.py", line 87, in manager_method
    return getattr(self.get_queryset(), name)(*args, **kwargs)
           ^^^^^^^^^^^^^^^^^^^^^^^^^^^^^^^^^^^^^^^^^^^^^^^^^^^
  File "C:\Users\haith\AppData\Local\Programs\Python\Python312\Lib\site-packages\django\db\models\query.py", line 1918, in _insert
    return query.get_compiler(using=using).execute_sql(returning_fields)
           ^^^^^^^^^^^^^^^^^^^^^^^^^^^^^^^^^^^^^^^^^^^^^^^^^^^^^^^^^^^^^
  File "C:\Users\haith\AppData\Local\Programs\Python\Python312\Lib\site-packages\django\db\models\sql\compiler.py", line 1925, in execute_sql
    cursor.execute(sql, params)
  File "C:\Users\haith\AppData\Local\Programs\Python\Python312\Lib\site-packages\django\db\backends\utils.py", line 122, in execute
    return super().execute(sql, params)
           ^^^^^^^^^^^^^^^^^^^^^^^^^^^^
  File "C:\Users\haith\AppData\Local\Programs\Python\Python312\Lib\site-packages\django\db\backends\utils.py", line 79, in execute
    return self._execute_with_wrappers(
           ^^^^^^^^^^^^^^^^^^^^^^^^^^^^
  File "C:\Users\haith\AppData\Local\Programs\Python\Python312\Lib\site-packages\django\db\backends\utils.py", line 92, in _execute_with_wrappers
    return executor(sql, params, many, context)
           ^^^^^^^^^^^^^^^^^^^^^^^^^^^^^^^^^^^^
  File "C:\Users\haith\AppData\Local\Programs\Python\Python312\Lib\site-packages\django\db\backends\utils.py", line 100, in _execute
    with self.db.wrap_database_errors:
         ^^^^^^^^^^^^^^^^^^^^^^^^^^^^
  File "C:\Users\haith\AppData\Local\Programs\Python\Python312\Lib\site-packages\django\db\utils.py", line 94, in __exit__
    raise dj_exc_value.with_traceback(traceback) from exc_value
  File "C:\Users\haith\AppData\Local\Programs\Python\Python312\Lib\site-packages\django\db\backends\utils.py", line 105, in _execute
    return self.cursor.execute(sql, params)
           ^^^^^^^^^^^^^^^^^^^^^^^^^^^^^^^^
  File "C:\Users\haith\AppData\Local\Programs\Python\Python312\Lib\site-packages\django\db\backends\mysql\base.py", line 78, in execute
    return self.cursor.execute(query, args)
           ^^^^^^^^^^^^^^^^^^^^^^^^^^^^^^^^
  File "C:\Users\haith\AppData\Local\Programs\Python\Python312\Lib\site-packages\MySQLdb\cursors.py", line 179, in execute
    res = self._query(mogrified_query)
          ^^^^^^^^^^^^^^^^^^^^^^^^^^^^
  File "C:\Users\haith\AppData\Local\Programs\Python\Python312\Lib\site-packages\MySQLdb\cursors.py", line 330, in _query
    db.query(q)
  File "C:\Users\haith\AppData\Local\Programs\Python\Python312\Lib\site-packages\MySQLdb\connections.py", line 280, in query
    _mysql.connection.query(self, query)
django.db.utils.IntegrityError: (1062, "Duplicate entry '10-1' for key 'wishlists.wishlists_user_id_game_id_162cfa6c_uniq'")
Internal Server Error: /api/games/wishlist/
Traceback (most recent call last):
  File "C:\Users\haith\AppData\Local\Programs\Python\Python312\Lib\site-packages\django\db\backends\utils.py", line 105, in _execute
    return self.cursor.execute(sql, params)
           ^^^^^^^^^^^^^^^^^^^^^^^^^^^^^^^^
  File "C:\Users\haith\AppData\Local\Programs\Python\Python312\Lib\site-packages\django\db\backends\mysql\base.py", line 78, in execute
    return self.cursor.execute(query, args)
           ^^^^^^^^^^^^^^^^^^^^^^^^^^^^^^^^
  File "C:\Users\haith\AppData\Local\Programs\Python\Python312\Lib\site-packages\MySQLdb\cursors.py", line 179, in execute
    res = self._query(mogrified_query)
          ^^^^^^^^^^^^^^^^^^^^^^^^^^^^
  File "C:\Users\haith\AppData\Local\Programs\Python\Python312\Lib\site-packages\MySQLdb\cursors.py", line 330, in _query
    db.query(q)
  File "C:\Users\haith\AppData\Local\Programs\Python\Python312\Lib\site-packages\MySQLdb\connections.py", line 280, in query
    _mysql.connection.query(self, query)
MySQLdb.IntegrityError: (1062, "Duplicate entry '10-1' for key 'wishlists.wishlists_user_id_game_id_162cfa6c_uniq'")

The above exception was the direct cause of the following exception:

Traceback (most recent call last):
  File "C:\Users\haith\AppData\Local\Programs\Python\Python312\Lib\site-packages\django\core\handlers\exception.py", line 55, in inner
    response = get_response(request)
               ^^^^^^^^^^^^^^^^^^^^^
  File "C:\Users\haith\AppData\Local\Programs\Python\Python312\Lib\site-packages\django\core\handlers\base.py", line 198, in _get_response
    response = wrapped_callback(request, *callback_args, **callback_kwargs)
               ^^^^^^^^^^^^^^^^^^^^^^^^^^^^^^^^^^^^^^^^^^^^^^^^^^^^^^^^^^^^
  File "C:\Users\haith\AppData\Local\Programs\Python\Python312\Lib\site-packages\django\views\decorators\csrf.py", line 65, in _view_wrapper
    return view_func(request, *args, **kwargs)
           ^^^^^^^^^^^^^^^^^^^^^^^^^^^^^^^^^^^
  File "C:\Users\haith\AppData\Local\Programs\Python\Python312\Lib\site-packages\django\views\generic\base.py", line 106, in view
    return self.dispatch(request, *args, **kwargs)
           ^^^^^^^^^^^^^^^^^^^^^^^^^^^^^^^^^^^^^^^
  File "C:\Users\haith\AppData\Local\Programs\Python\Python312\Lib\site-packages\rest_framework\views.py", line 515, in dispatch
    response = self.handle_exception(exc)
               ^^^^^^^^^^^^^^^^^^^^^^^^^^
  File "C:\Users\haith\AppData\Local\Programs\Python\Python312\Lib\site-packages\rest_framework\views.py", line 475, in handle_exception
    self.raise_uncaught_exception(exc)
  File "C:\Users\haith\AppData\Local\Programs\Python\Python312\Lib\site-packages\rest_framework\views.py", line 486, in raise_uncaught_exception
    raise exc
  File "C:\Users\haith\AppData\Local\Programs\Python\Python312\Lib\site-packages\rest_framework\views.py", line 512, in dispatch
    response = handler(request, *args, **kwargs)
               ^^^^^^^^^^^^^^^^^^^^^^^^^^^^^^^^^
  File "C:\Users\haith\AppData\Local\Programs\Python\Python312\Lib\site-packages\rest_framework\generics.py", line 246, in post
    return self.create(request, *args, **kwargs)
           ^^^^^^^^^^^^^^^^^^^^^^^^^^^^^^^^^^^^^
  File "C:\Users\haith\AppData\Local\Programs\Python\Python312\Lib\site-packages\rest_framework\mixins.py", line 19, in create
    self.perform_create(serializer)
  File "C:\Users\haith\OneDrive\Bureau\dev port\backend\games\views.py", line 79, in perform_create
    serializer.save(user=self.request.user)
  File "C:\Users\haith\AppData\Local\Programs\Python\Python312\Lib\site-packages\rest_framework\serializers.py", line 210, in save
    self.instance = self.create(validated_data)
                    ^^^^^^^^^^^^^^^^^^^^^^^^^^^
  File "C:\Users\haith\AppData\Local\Programs\Python\Python312\Lib\site-packages\rest_framework\serializers.py", line 991, in create
    instance = ModelClass._default_manager.create(**validated_data)
               ^^^^^^^^^^^^^^^^^^^^^^^^^^^^^^^^^^^^^^^^^^^^^^^^^^^^
  File "C:\Users\haith\AppData\Local\Programs\Python\Python312\Lib\site-packages\django\db\models\manager.py", line 87, in manager_method
    return getattr(self.get_queryset(), name)(*args, **kwargs)
           ^^^^^^^^^^^^^^^^^^^^^^^^^^^^^^^^^^^^^^^^^^^^^^^^^^^
  File "C:\Users\haith\AppData\Local\Programs\Python\Python312\Lib\site-packages\django\db\models\query.py", line 669, in create
    obj.save(force_insert=True, using=self.db)
  File "C:\Users\haith\AppData\Local\Programs\Python\Python312\Lib\site-packages\django\db\models\base.py", line 874, in save
    self.save_base(
  File "C:\Users\haith\AppData\Local\Programs\Python\Python312\Lib\site-packages\django\db\models\base.py", line 966, in save_base
    updated = self._save_table(
              ^^^^^^^^^^^^^^^^^
  File "C:\Users\haith\AppData\Local\Programs\Python\Python312\Lib\site-packages\django\db\models\base.py", line 1169, in _save_table
    results = self._do_insert(
              ^^^^^^^^^^^^^^^^
  File "C:\Users\haith\AppData\Local\Programs\Python\Python312\Lib\site-packages\django\db\models\base.py", line 1220, in _do_insert
    return manager._insert(
           ^^^^^^^^^^^^^^^^
  File "C:\Users\haith\AppData\Local\Programs\Python\Python312\Lib\site-packages\django\db\models\manager.py", line 87, in manager_method
    return getattr(self.get_queryset(), name)(*args, **kwargs)
           ^^^^^^^^^^^^^^^^^^^^^^^^^^^^^^^^^^^^^^^^^^^^^^^^^^^
  File "C:\Users\haith\AppData\Local\Programs\Python\Python312\Lib\site-packages\django\db\models\query.py", line 1918, in _insert
    return query.get_compiler(using=using).execute_sql(returning_fields)
           ^^^^^^^^^^^^^^^^^^^^^^^^^^^^^^^^^^^^^^^^^^^^^^^^^^^^^^^^^^^^^
  File "C:\Users\haith\AppData\Local\Programs\Python\Python312\Lib\site-packages\django\db\models\sql\compiler.py", line 1925, in execute_sql
    cursor.execute(sql, params)
  File "C:\Users\haith\AppData\Local\Programs\Python\Python312\Lib\site-packages\django\db\backends\utils.py", line 122, in execute
    return super().execute(sql, params)
           ^^^^^^^^^^^^^^^^^^^^^^^^^^^^
  File "C:\Users\haith\AppData\Local\Programs\Python\Python312\Lib\site-packages\django\db\backends\utils.py", line 79, in execute
    return self._execute_with_wrappers(
           ^^^^^^^^^^^^^^^^^^^^^^^^^^^^
  File "C:\Users\haith\AppData\Local\Programs\Python\Python312\Lib\site-packages\django\db\backends\utils.py", line 92, in _execute_with_wrappers
    return executor(sql, params, many, context)
           ^^^^^^^^^^^^^^^^^^^^^^^^^^^^^^^^^^^^
  File "C:\Users\haith\AppData\Local\Programs\Python\Python312\Lib\site-packages\django\db\backends\utils.py", line 100, in _execute
    with self.db.wrap_database_errors:
         ^^^^^^^^^^^^^^^^^^^^^^^^^^^^
  File "C:\Users\haith\AppData\Local\Programs\Python\Python312\Lib\site-packages\django\db\utils.py", line 94, in __exit__
    raise dj_exc_value.with_traceback(traceback) from exc_value
  File "C:\Users\haith\AppData\Local\Programs\Python\Python312\Lib\site-packages\django\db\backends\utils.py", line 105, in _execute
    return self.cursor.execute(sql, params)
           ^^^^^^^^^^^^^^^^^^^^^^^^^^^^^^^^
  File "C:\Users\haith\AppData\Local\Programs\Python\Python312\Lib\site-packages\django\db\backends\mysql\base.py", line 78, in execute
    return self.cursor.execute(query, args)
           ^^^^^^^^^^^^^^^^^^^^^^^^^^^^^^^^
  File "C:\Users\haith\AppData\Local\Programs\Python\Python312\Lib\site-packages\MySQLdb\cursors.py", line 179, in execute
    res = self._query(mogrified_query)
          ^^^^^^^^^^^^^^^^^^^^^^^^^^^^
  File "C:\Users\haith\AppData\Local\Programs\Python\Python312\Lib\site-packages\MySQLdb\cursors.py", line 330, in _query
    db.query(q)
  File "C:\Users\haith\AppData\Local\Programs\Python\Python312\Lib\site-packages\MySQLdb\connections.py", line 280, in query
    _mysql.connection.query(self, query)
django.db.utils.IntegrityError: (1062, "Duplicate entry '10-1' for key 'wishlists.wishlists_user_id_game_id_162cfa6c_uniq'")
Not Found: /api/reviews/
C:\Users\haith\OneDrive\Bureau\dev port\backend\backend\urls.py changed, reloading.
Watching for file changes with StatReloader
C:\Users\haith\OneDrive\Bureau\dev port\backend\backend\urls.py changed, reloading.
Watching for file changes with StatReloader
C:\Users\haith\OneDrive\Bureau\dev port\backend\reviews\urls.py changed, reloading.
Watching for file changes with StatReloader
C:\Users\haith\OneDrive\Bureau\dev port\backend\reviews\views.py changed, reloading.
Watching for file changes with StatReloader
C:\Users\haith\OneDrive\Bureau\dev port\backend\reviews\views.py changed, reloading.
Watching for file changes with StatReloader
C:\Users\haith\OneDrive\Bureau\dev port\backend\reviews\views.py changed, reloading.
Watching for file changes with StatReloader
C:\Users\haith\OneDrive\Bureau\dev port\backend\reviews\views.py changed, reloading.
Watching for file changes with StatReloader
C:\Users\haith\OneDrive\Bureau\dev port\backend\reviews\views.py changed, reloading.
Watching for file changes with StatReloader
C:\Users\haith\OneDrive\Bureau\dev port\backend\reviews\serializers.py changed, reloading.
Watching for file changes with StatReloader
C:\Users\haith\OneDrive\Bureau\dev port\backend\reviews\serializers.py changed, reloading.
Watching for file changes with StatReloader
C:\Users\haith\OneDrive\Bureau\dev port\backend\reviews\models.py changed, reloading.
Watching for file changes with StatReloader
Bad Request: /api/reviews/
Internal Server Error: /api/reviews/
Traceback (most recent call last):
  File "C:\Users\haith\AppData\Local\Programs\Python\Python312\Lib\site-packages\django\core\handlers\exception.py", line 55, in inner
    response = get_response(request)
               ^^^^^^^^^^^^^^^^^^^^^
  File "C:\Users\haith\AppData\Local\Programs\Python\Python312\Lib\site-packages\django\core\handlers\base.py", line 198, in _get_response
    response = wrapped_callback(request, *callback_args, **callback_kwargs)
               ^^^^^^^^^^^^^^^^^^^^^^^^^^^^^^^^^^^^^^^^^^^^^^^^^^^^^^^^^^^^
  File "C:\Users\haith\AppData\Local\Programs\Python\Python312\Lib\site-packages\django\views\decorators\csrf.py", line 65, in _view_wrapper
    return view_func(request, *args, **kwargs)
           ^^^^^^^^^^^^^^^^^^^^^^^^^^^^^^^^^^^
  File "C:\Users\haith\AppData\Local\Programs\Python\Python312\Lib\site-packages\django\views\generic\base.py", line 106, in view
    return self.dispatch(request, *args, **kwargs)
           ^^^^^^^^^^^^^^^^^^^^^^^^^^^^^^^^^^^^^^^
  File "C:\Users\haith\AppData\Local\Programs\Python\Python312\Lib\site-packages\rest_framework\views.py", line 515, in dispatch
    response = self.handle_exception(exc)
               ^^^^^^^^^^^^^^^^^^^^^^^^^^
  File "C:\Users\haith\AppData\Local\Programs\Python\Python312\Lib\site-packages\rest_framework\views.py", line 475, in handle_exception
    self.raise_uncaught_exception(exc)
  File "C:\Users\haith\AppData\Local\Programs\Python\Python312\Lib\site-packages\rest_framework\views.py", line 486, in raise_uncaught_exception
    raise exc
  File "C:\Users\haith\AppData\Local\Programs\Python\Python312\Lib\site-packages\rest_framework\views.py", line 512, in dispatch
    response = handler(request, *args, **kwargs)
               ^^^^^^^^^^^^^^^^^^^^^^^^^^^^^^^^^
  File "C:\Users\haith\AppData\Local\Programs\Python\Python312\Lib\site-packages\rest_framework\generics.py", line 243, in get
    return self.list(request, *args, **kwargs)
           ^^^^^^^^^^^^^^^^^^^^^^^^^^^^^^^^^^^
  File "C:\Users\haith\AppData\Local\Programs\Python\Python312\Lib\site-packages\rest_framework\mixins.py", line 43, in list
    return self.get_paginated_response(serializer.data)
                                       ^^^^^^^^^^^^^^^
  File "C:\Users\haith\AppData\Local\Programs\Python\Python312\Lib\site-packages\rest_framework\serializers.py", line 797, in data
    ret = super().data
          ^^^^^^^^^^^^
  File "C:\Users\haith\AppData\Local\Programs\Python\Python312\Lib\site-packages\rest_framework\serializers.py", line 251, in data
    self._data = self.to_representation(self.instance)
                 ^^^^^^^^^^^^^^^^^^^^^^^^^^^^^^^^^^^^^
  File "C:\Users\haith\AppData\Local\Programs\Python\Python312\Lib\site-packages\rest_framework\serializers.py", line 716, in to_representation
    self.child.to_representation(item) for item in iterable
    ^^^^^^^^^^^^^^^^^^^^^^^^^^^^^^^^^^
  File "C:\Users\haith\AppData\Local\Programs\Python\Python312\Lib\site-packages\rest_framework\serializers.py", line 540, in to_representation
    ret[field.field_name] = field.to_representation(attribute)
                            ^^^^^^^^^^^^^^^^^^^^^^^^^^^^^^^^^^
  File "C:\Users\haith\AppData\Local\Programs\Python\Python312\Lib\site-packages\rest_framework\fields.py", line 1870, in to_representation
    return method(value)
           ^^^^^^^^^^^^^
  File "C:\Users\haith\OneDrive\Bureau\dev port\backend\reviews\serializers.py", line 19, in get_user_avatar
    return obj.user.avatar.url
           ^^^^^^^^^^^^^^^^^^^
AttributeError: 'str' object has no attribute 'url'
Internal Server Error: /api/reviews/
Traceback (most recent call last):
  File "C:\Users\haith\AppData\Local\Programs\Python\Python312\Lib\site-packages\django\core\handlers\exception.py", line 55, in inner
    response = get_response(request)
               ^^^^^^^^^^^^^^^^^^^^^
  File "C:\Users\haith\AppData\Local\Programs\Python\Python312\Lib\site-packages\django\core\handlers\base.py", line 198, in _get_response
    response = wrapped_callback(request, *callback_args, **callback_kwargs)
               ^^^^^^^^^^^^^^^^^^^^^^^^^^^^^^^^^^^^^^^^^^^^^^^^^^^^^^^^^^^^
  File "C:\Users\haith\AppData\Local\Programs\Python\Python312\Lib\site-packages\django\views\decorators\csrf.py", line 65, in _view_wrapper
    return view_func(request, *args, **kwargs)
           ^^^^^^^^^^^^^^^^^^^^^^^^^^^^^^^^^^^
  File "C:\Users\haith\AppData\Local\Programs\Python\Python312\Lib\site-packages\django\views\generic\base.py", line 106, in view
    return self.dispatch(request, *args, **kwargs)
           ^^^^^^^^^^^^^^^^^^^^^^^^^^^^^^^^^^^^^^^
  File "C:\Users\haith\AppData\Local\Programs\Python\Python312\Lib\site-packages\rest_framework\views.py", line 515, in dispatch
    response = self.handle_exception(exc)
               ^^^^^^^^^^^^^^^^^^^^^^^^^^
  File "C:\Users\haith\AppData\Local\Programs\Python\Python312\Lib\site-packages\rest_framework\views.py", line 475, in handle_exception
    self.raise_uncaught_exception(exc)
  File "C:\Users\haith\AppData\Local\Programs\Python\Python312\Lib\site-packages\rest_framework\views.py", line 486, in raise_uncaught_exception
    raise exc
  File "C:\Users\haith\AppData\Local\Programs\Python\Python312\Lib\site-packages\rest_framework\views.py", line 512, in dispatch
    response = handler(request, *args, **kwargs)
               ^^^^^^^^^^^^^^^^^^^^^^^^^^^^^^^^^
  File "C:\Users\haith\AppData\Local\Programs\Python\Python312\Lib\site-packages\rest_framework\generics.py", line 243, in get
    return self.list(request, *args, **kwargs)
           ^^^^^^^^^^^^^^^^^^^^^^^^^^^^^^^^^^^
  File "C:\Users\haith\AppData\Local\Programs\Python\Python312\Lib\site-packages\rest_framework\mixins.py", line 43, in list
    return self.get_paginated_response(serializer.data)
                                       ^^^^^^^^^^^^^^^
  File "C:\Users\haith\AppData\Local\Programs\Python\Python312\Lib\site-packages\rest_framework\serializers.py", line 797, in data
    ret = super().data
          ^^^^^^^^^^^^
  File "C:\Users\haith\AppData\Local\Programs\Python\Python312\Lib\site-packages\rest_framework\serializers.py", line 251, in data
    self._data = self.to_representation(self.instance)
                 ^^^^^^^^^^^^^^^^^^^^^^^^^^^^^^^^^^^^^
  File "C:\Users\haith\AppData\Local\Programs\Python\Python312\Lib\site-packages\rest_framework\serializers.py", line 716, in to_representation
    self.child.to_representation(item) for item in iterable
    ^^^^^^^^^^^^^^^^^^^^^^^^^^^^^^^^^^
  File "C:\Users\haith\AppData\Local\Programs\Python\Python312\Lib\site-packages\rest_framework\serializers.py", line 540, in to_representation
    ret[field.field_name] = field.to_representation(attribute)
                            ^^^^^^^^^^^^^^^^^^^^^^^^^^^^^^^^^^
  File "C:\Users\haith\AppData\Local\Programs\Python\Python312\Lib\site-packages\rest_framework\fields.py", line 1870, in to_representation
    return method(value)
           ^^^^^^^^^^^^^
  File "C:\Users\haith\OneDrive\Bureau\dev port\backend\reviews\serializers.py", line 19, in get_user_avatar
    return obj.user.avatar.url
           ^^^^^^^^^^^^^^^^^^^
AttributeError: 'str' object has no attribute 'url'
Bad Request: /api/reviews/
C:\Users\haith\OneDrive\Bureau\dev port\backend\reviews\views.py changed, reloading.
Watching for file changes with StatReloader
C:\Users\haith\OneDrive\Bureau\dev port\backend\reviews\serializers.py changed, reloading.
Watching for file changes with StatReloader
C:\Users\haith\OneDrive\Bureau\dev port\backend\games\models.py changed, reloading.
Watching for file changes with StatReloader
C:\Users\haith\OneDrive\Bureau\dev port\backend\games\models.py changed, reloading.
Watching for file changes with StatReloader
C:\Users\haith\OneDrive\Bureau\dev port\backend\games\models.py changed, reloading.
Watching for file changes with StatReloader
C:\Users\haith\OneDrive\Bureau\dev port\backend\games\models.py changed, reloading.
Watching for file changes with StatReloader
C:\Users\haith\OneDrive\Bureau\dev port\backend\games\models.py changed, reloading.
Watching for file changes with StatReloader
C:\Users\haith\OneDrive\Bureau\dev port\backend\games\models.py changed, reloading.
Watching for file changes with StatReloader
C:\Users\haith\OneDrive\Bureau\dev port\backend\games\models.py changed, reloading.
Watching for file changes with StatReloader
C:\Users\haith\OneDrive\Bureau\dev port\backend\games\models.py changed, reloading.
Watching for file changes with StatReloader
Bad Request: /api/reviews/
Bad Request: /api/reviews/
C:\Users\haith\OneDrive\Bureau\dev port\backend\reviews\views.py changed, reloading.
Watching for file changes with StatReloader
C:\Users\haith\OneDrive\Bureau\dev port\backend\reviews\serializers.py changed, reloading.
Watching for file changes with StatReloader
C:\Users\haith\OneDrive\Bureau\dev port\backend\reviews\views.py changed, reloading.
Watching for file changes with StatReloader
C:\Users\haith\OneDrive\Bureau\dev port\backend\reviews\serializers.py changed, reloading.
Watching for file changes with StatReloader
C:\Users\haith\OneDrive\Bureau\dev port\backend\reviews\models.py changed, reloading.
Watching for file changes with StatReloader
Review create request data: {'game': 1, 'rating': 4, 'comment': 'i like this game <3'}
User: Dragon
Serializer errors: {'user': [ErrorDetail(string='This field is required.', code='required')]}
Bad Request: /api/reviews/
C:\Users\haith\OneDrive\Bureau\dev port\backend\reviews\serializers.py changed, reloading.
Watching for file changes with StatReloader
C:\Users\haith\OneDrive\Bureau\dev port\backend\reviews\views.py changed, reloading.
Watching for file changes with StatReloader
C:\Users\haith\OneDrive\Bureau\dev port\backend\games\models.py changed, reloading.
Watching for file changes with StatReloader
Review create request data: {'game': 1, 'rating': 4, 'comment': 'i like this game <3'}
User: Dragon
Review created successfully: {'id': 21, 'user': 10, 'username': 'Dragon', 'user_avatar': None, 'game': 1, 'rating': 4, 'comment': 'i like this game <3', 'helpful_count': 0, 'is_approved': True, 'created_at': '2026-03-25T17:30:08.692365Z', 'updated_at': '2026-03-25T17:30:08.692365Z'}
Review create request data: {'game': 3, 'rating': 5, 'comment': 'good speed game'}
User: Dragon
Review created successfully: {'id': 22, 'user': 10, 'username': 'Dragon', 'user_avatar': None, 'game': 3, 'rating': 5, 'comment': 'good speed game', 'helpful_count': 0, 'is_approved': True, 'created_at': '2026-03-25T17:31:12.192307Z', 'updated_at': '2026-03-25T17:31:12.192307Z'}
Review create request data: {'game': 8, 'rating': 2, 'comment': 'not bad zombie game :D'}
User: Dragon
Review created successfully: {'id': 23, 'user': 10, 'username': 'Dragon', 'user_avatar': None, 'game': 8, 'rating': 2, 'comment': 'not bad zombie game :D', 'helpful_count': 0, 'is_approved': True, 'created_at': '2026-03-25T17:35:14.097608Z', 'updated_at': '2026-03-25T17:35:14.097608Z'}
Internal Server Error: /api/games/wishlist/
Traceback (most recent call last):
  File "C:\Users\haith\AppData\Local\Programs\Python\Python312\Lib\site-packages\django\db\backends\utils.py", line 105, in _execute
    return self.cursor.execute(sql, params)
           ^^^^^^^^^^^^^^^^^^^^^^^^^^^^^^^^
  File "C:\Users\haith\AppData\Local\Programs\Python\Python312\Lib\site-packages\django\db\backends\mysql\base.py", line 78, in execute
    return self.cursor.execute(query, args)
           ^^^^^^^^^^^^^^^^^^^^^^^^^^^^^^^^
  File "C:\Users\haith\AppData\Local\Programs\Python\Python312\Lib\site-packages\MySQLdb\cursors.py", line 179, in execute
    res = self._query(mogrified_query)
          ^^^^^^^^^^^^^^^^^^^^^^^^^^^^
  File "C:\Users\haith\AppData\Local\Programs\Python\Python312\Lib\site-packages\MySQLdb\cursors.py", line 330, in _query
    db.query(q)
  File "C:\Users\haith\AppData\Local\Programs\Python\Python312\Lib\site-packages\MySQLdb\connections.py", line 280, in query
    _mysql.connection.query(self, query)
MySQLdb.IntegrityError: (1062, "Duplicate entry '10-6' for key 'wishlists.wishlists_user_id_game_id_162cfa6c_uniq'")

The above exception was the direct cause of the following exception:

Traceback (most recent call last):
  File "C:\Users\haith\AppData\Local\Programs\Python\Python312\Lib\site-packages\django\core\handlers\exception.py", line 55, in inner
    response = get_response(request)
               ^^^^^^^^^^^^^^^^^^^^^
  File "C:\Users\haith\AppData\Local\Programs\Python\Python312\Lib\site-packages\django\core\handlers\base.py", line 198, in _get_response
    response = wrapped_callback(request, *callback_args, **callback_kwargs)
               ^^^^^^^^^^^^^^^^^^^^^^^^^^^^^^^^^^^^^^^^^^^^^^^^^^^^^^^^^^^^
  File "C:\Users\haith\AppData\Local\Programs\Python\Python312\Lib\site-packages\django\views\decorators\csrf.py", line 65, in _view_wrapper
    return view_func(request, *args, **kwargs)
           ^^^^^^^^^^^^^^^^^^^^^^^^^^^^^^^^^^^
  File "C:\Users\haith\AppData\Local\Programs\Python\Python312\Lib\site-packages\django\views\generic\base.py", line 106, in view
    return self.dispatch(request, *args, **kwargs)
           ^^^^^^^^^^^^^^^^^^^^^^^^^^^^^^^^^^^^^^^
  File "C:\Users\haith\AppData\Local\Programs\Python\Python312\Lib\site-packages\rest_framework\views.py", line 515, in dispatch
    response = self.handle_exception(exc)
               ^^^^^^^^^^^^^^^^^^^^^^^^^^
  File "C:\Users\haith\AppData\Local\Programs\Python\Python312\Lib\site-packages\rest_framework\views.py", line 475, in handle_exception
    self.raise_uncaught_exception(exc)
  File "C:\Users\haith\AppData\Local\Programs\Python\Python312\Lib\site-packages\rest_framework\views.py", line 486, in raise_uncaught_exception
    raise exc
  File "C:\Users\haith\AppData\Local\Programs\Python\Python312\Lib\site-packages\rest_framework\views.py", line 512, in dispatch
    response = handler(request, *args, **kwargs)
               ^^^^^^^^^^^^^^^^^^^^^^^^^^^^^^^^^
  File "C:\Users\haith\AppData\Local\Programs\Python\Python312\Lib\site-packages\rest_framework\generics.py", line 246, in post
    return self.create(request, *args, **kwargs)
           ^^^^^^^^^^^^^^^^^^^^^^^^^^^^^^^^^^^^^
  File "C:\Users\haith\AppData\Local\Programs\Python\Python312\Lib\site-packages\rest_framework\mixins.py", line 19, in create
    self.perform_create(serializer)
  File "C:\Users\haith\OneDrive\Bureau\dev port\backend\games\views.py", line 79, in perform_create
    serializer.save(user=self.request.user)
  File "C:\Users\haith\AppData\Local\Programs\Python\Python312\Lib\site-packages\rest_framework\serializers.py", line 210, in save
    self.instance = self.create(validated_data)
                    ^^^^^^^^^^^^^^^^^^^^^^^^^^^
  File "C:\Users\haith\AppData\Local\Programs\Python\Python312\Lib\site-packages\rest_framework\serializers.py", line 991, in create
    instance = ModelClass._default_manager.create(**validated_data)
               ^^^^^^^^^^^^^^^^^^^^^^^^^^^^^^^^^^^^^^^^^^^^^^^^^^^^
  File "C:\Users\haith\AppData\Local\Programs\Python\Python312\Lib\site-packages\django\db\models\manager.py", line 87, in manager_method
    return getattr(self.get_queryset(), name)(*args, **kwargs)
           ^^^^^^^^^^^^^^^^^^^^^^^^^^^^^^^^^^^^^^^^^^^^^^^^^^^
  File "C:\Users\haith\AppData\Local\Programs\Python\Python312\Lib\site-packages\django\db\models\query.py", line 669, in create
    obj.save(force_insert=True, using=self.db)
  File "C:\Users\haith\AppData\Local\Programs\Python\Python312\Lib\site-packages\django\db\models\base.py", line 874, in save
    self.save_base(
  File "C:\Users\haith\AppData\Local\Programs\Python\Python312\Lib\site-packages\django\db\models\base.py", line 966, in save_base
    updated = self._save_table(
              ^^^^^^^^^^^^^^^^^
  File "C:\Users\haith\AppData\Local\Programs\Python\Python312\Lib\site-packages\django\db\models\base.py", line 1169, in _save_table
    results = self._do_insert(
              ^^^^^^^^^^^^^^^^
  File "C:\Users\haith\AppData\Local\Programs\Python\Python312\Lib\site-packages\django\db\models\base.py", line 1220, in _do_insert
    return manager._insert(
           ^^^^^^^^^^^^^^^^
  File "C:\Users\haith\AppData\Local\Programs\Python\Python312\Lib\site-packages\django\db\models\manager.py", line 87, in manager_method
    return getattr(self.get_queryset(), name)(*args, **kwargs)
           ^^^^^^^^^^^^^^^^^^^^^^^^^^^^^^^^^^^^^^^^^^^^^^^^^^^
  File "C:\Users\haith\AppData\Local\Programs\Python\Python312\Lib\site-packages\django\db\models\query.py", line 1918, in _insert
    return query.get_compiler(using=using).execute_sql(returning_fields)
           ^^^^^^^^^^^^^^^^^^^^^^^^^^^^^^^^^^^^^^^^^^^^^^^^^^^^^^^^^^^^^
  File "C:\Users\haith\AppData\Local\Programs\Python\Python312\Lib\site-packages\django\db\models\sql\compiler.py", line 1925, in execute_sql
    cursor.execute(sql, params)
  File "C:\Users\haith\AppData\Local\Programs\Python\Python312\Lib\site-packages\django\db\backends\utils.py", line 122, in execute
    return super().execute(sql, params)
           ^^^^^^^^^^^^^^^^^^^^^^^^^^^^
  File "C:\Users\haith\AppData\Local\Programs\Python\Python312\Lib\site-packages\django\db\backends\utils.py", line 79, in execute
    return self._execute_with_wrappers(
           ^^^^^^^^^^^^^^^^^^^^^^^^^^^^
  File "C:\Users\haith\AppData\Local\Programs\Python\Python312\Lib\site-packages\django\db\backends\utils.py", line 92, in _execute_with_wrappers
    return executor(sql, params, many, context)
           ^^^^^^^^^^^^^^^^^^^^^^^^^^^^^^^^^^^^
  File "C:\Users\haith\AppData\Local\Programs\Python\Python312\Lib\site-packages\django\db\backends\utils.py", line 100, in _execute
    with self.db.wrap_database_errors:
         ^^^^^^^^^^^^^^^^^^^^^^^^^^^^
  File "C:\Users\haith\AppData\Local\Programs\Python\Python312\Lib\site-packages\django\db\utils.py", line 94, in __exit__
    raise dj_exc_value.with_traceback(traceback) from exc_value
  File "C:\Users\haith\AppData\Local\Programs\Python\Python312\Lib\site-packages\django\db\backends\utils.py", line 105, in _execute
    return self.cursor.execute(sql, params)
           ^^^^^^^^^^^^^^^^^^^^^^^^^^^^^^^^
  File "C:\Users\haith\AppData\Local\Programs\Python\Python312\Lib\site-packages\django\db\backends\mysql\base.py", line 78, in execute
    return self.cursor.execute(query, args)
           ^^^^^^^^^^^^^^^^^^^^^^^^^^^^^^^^
  File "C:\Users\haith\AppData\Local\Programs\Python\Python312\Lib\site-packages\MySQLdb\cursors.py", line 179, in execute
    res = self._query(mogrified_query)
          ^^^^^^^^^^^^^^^^^^^^^^^^^^^^
  File "C:\Users\haith\AppData\Local\Programs\Python\Python312\Lib\site-packages\MySQLdb\cursors.py", line 330, in _query
    db.query(q)
  File "C:\Users\haith\AppData\Local\Programs\Python\Python312\Lib\site-packages\MySQLdb\connections.py", line 280, in query
    _mysql.connection.query(self, query)
django.db.utils.IntegrityError: (1062, "Duplicate entry '10-6' for key 'wishlists.wishlists_user_id_game_id_162cfa6c_uniq'")
Internal Server Error: /api/games/wishlist/
Traceback (most recent call last):
  File "C:\Users\haith\AppData\Local\Programs\Python\Python312\Lib\site-packages\django\db\backends\utils.py", line 105, in _execute
    return self.cursor.execute(sql, params)
           ^^^^^^^^^^^^^^^^^^^^^^^^^^^^^^^^
  File "C:\Users\haith\AppData\Local\Programs\Python\Python312\Lib\site-packages\django\db\backends\mysql\base.py", line 78, in execute
    return self.cursor.execute(query, args)
           ^^^^^^^^^^^^^^^^^^^^^^^^^^^^^^^^
  File "C:\Users\haith\AppData\Local\Programs\Python\Python312\Lib\site-packages\MySQLdb\cursors.py", line 179, in execute
    res = self._query(mogrified_query)
          ^^^^^^^^^^^^^^^^^^^^^^^^^^^^
  File "C:\Users\haith\AppData\Local\Programs\Python\Python312\Lib\site-packages\MySQLdb\cursors.py", line 330, in _query
    db.query(q)
  File "C:\Users\haith\AppData\Local\Programs\Python\Python312\Lib\site-packages\MySQLdb\connections.py", line 280, in query
    _mysql.connection.query(self, query)
MySQLdb.IntegrityError: (1062, "Duplicate entry '10-6' for key 'wishlists.wishlists_user_id_game_id_162cfa6c_uniq'")

The above exception was the direct cause of the following exception:

Traceback (most recent call last):
  File "C:\Users\haith\AppData\Local\Programs\Python\Python312\Lib\site-packages\django\core\handlers\exception.py", line 55, in inner
    response = get_response(request)
               ^^^^^^^^^^^^^^^^^^^^^
  File "C:\Users\haith\AppData\Local\Programs\Python\Python312\Lib\site-packages\django\core\handlers\base.py", line 198, in _get_response
    response = wrapped_callback(request, *callback_args, **callback_kwargs)
               ^^^^^^^^^^^^^^^^^^^^^^^^^^^^^^^^^^^^^^^^^^^^^^^^^^^^^^^^^^^^
  File "C:\Users\haith\AppData\Local\Programs\Python\Python312\Lib\site-packages\django\views\decorators\csrf.py", line 65, in _view_wrapper
    return view_func(request, *args, **kwargs)
           ^^^^^^^^^^^^^^^^^^^^^^^^^^^^^^^^^^^
  File "C:\Users\haith\AppData\Local\Programs\Python\Python312\Lib\site-packages\django\views\generic\base.py", line 106, in view
    return self.dispatch(request, *args, **kwargs)
           ^^^^^^^^^^^^^^^^^^^^^^^^^^^^^^^^^^^^^^^
  File "C:\Users\haith\AppData\Local\Programs\Python\Python312\Lib\site-packages\rest_framework\views.py", line 515, in dispatch
    response = self.handle_exception(exc)
               ^^^^^^^^^^^^^^^^^^^^^^^^^^
  File "C:\Users\haith\AppData\Local\Programs\Python\Python312\Lib\site-packages\rest_framework\views.py", line 475, in handle_exception
    self.raise_uncaught_exception(exc)
  File "C:\Users\haith\AppData\Local\Programs\Python\Python312\Lib\site-packages\rest_framework\views.py", line 486, in raise_uncaught_exception
    raise exc
  File "C:\Users\haith\AppData\Local\Programs\Python\Python312\Lib\site-packages\rest_framework\views.py", line 512, in dispatch
    response = handler(request, *args, **kwargs)
               ^^^^^^^^^^^^^^^^^^^^^^^^^^^^^^^^^
  File "C:\Users\haith\AppData\Local\Programs\Python\Python312\Lib\site-packages\rest_framework\generics.py", line 246, in post
    return self.create(request, *args, **kwargs)
           ^^^^^^^^^^^^^^^^^^^^^^^^^^^^^^^^^^^^^
  File "C:\Users\haith\AppData\Local\Programs\Python\Python312\Lib\site-packages\rest_framework\mixins.py", line 19, in create
    self.perform_create(serializer)
  File "C:\Users\haith\OneDrive\Bureau\dev port\backend\games\views.py", line 79, in perform_create
    serializer.save(user=self.request.user)
  File "C:\Users\haith\AppData\Local\Programs\Python\Python312\Lib\site-packages\rest_framework\serializers.py", line 210, in save
    self.instance = self.create(validated_data)
                    ^^^^^^^^^^^^^^^^^^^^^^^^^^^
  File "C:\Users\haith\AppData\Local\Programs\Python\Python312\Lib\site-packages\rest_framework\serializers.py", line 991, in create
    instance = ModelClass._default_manager.create(**validated_data)
               ^^^^^^^^^^^^^^^^^^^^^^^^^^^^^^^^^^^^^^^^^^^^^^^^^^^^
  File "C:\Users\haith\AppData\Local\Programs\Python\Python312\Lib\site-packages\django\db\models\manager.py", line 87, in manager_method
    return getattr(self.get_queryset(), name)(*args, **kwargs)
           ^^^^^^^^^^^^^^^^^^^^^^^^^^^^^^^^^^^^^^^^^^^^^^^^^^^
  File "C:\Users\haith\AppData\Local\Programs\Python\Python312\Lib\site-packages\django\db\models\query.py", line 669, in create
    obj.save(force_insert=True, using=self.db)
  File "C:\Users\haith\AppData\Local\Programs\Python\Python312\Lib\site-packages\django\db\models\base.py", line 874, in save
    self.save_base(
  File "C:\Users\haith\AppData\Local\Programs\Python\Python312\Lib\site-packages\django\db\models\base.py", line 966, in save_base
    updated = self._save_table(
              ^^^^^^^^^^^^^^^^^
  File "C:\Users\haith\AppData\Local\Programs\Python\Python312\Lib\site-packages\django\db\models\base.py", line 1169, in _save_table
    results = self._do_insert(
              ^^^^^^^^^^^^^^^^
  File "C:\Users\haith\AppData\Local\Programs\Python\Python312\Lib\site-packages\django\db\models\base.py", line 1220, in _do_insert
    return manager._insert(
           ^^^^^^^^^^^^^^^^
  File "C:\Users\haith\AppData\Local\Programs\Python\Python312\Lib\site-packages\django\db\models\manager.py", line 87, in manager_method
    return getattr(self.get_queryset(), name)(*args, **kwargs)
           ^^^^^^^^^^^^^^^^^^^^^^^^^^^^^^^^^^^^^^^^^^^^^^^^^^^
  File "C:\Users\haith\AppData\Local\Programs\Python\Python312\Lib\site-packages\django\db\models\query.py", line 1918, in _insert
    return query.get_compiler(using=using).execute_sql(returning_fields)
           ^^^^^^^^^^^^^^^^^^^^^^^^^^^^^^^^^^^^^^^^^^^^^^^^^^^^^^^^^^^^^
  File "C:\Users\haith\AppData\Local\Programs\Python\Python312\Lib\site-packages\django\db\models\sql\compiler.py", line 1925, in execute_sql
    cursor.execute(sql, params)
  File "C:\Users\haith\AppData\Local\Programs\Python\Python312\Lib\site-packages\django\db\backends\utils.py", line 122, in execute
    return super().execute(sql, params)
           ^^^^^^^^^^^^^^^^^^^^^^^^^^^^
  File "C:\Users\haith\AppData\Local\Programs\Python\Python312\Lib\site-packages\django\db\backends\utils.py", line 79, in execute
    return self._execute_with_wrappers(
           ^^^^^^^^^^^^^^^^^^^^^^^^^^^^
  File "C:\Users\haith\AppData\Local\Programs\Python\Python312\Lib\site-packages\django\db\backends\utils.py", line 92, in _execute_with_wrappers
    return executor(sql, params, many, context)
           ^^^^^^^^^^^^^^^^^^^^^^^^^^^^^^^^^^^^
  File "C:\Users\haith\AppData\Local\Programs\Python\Python312\Lib\site-packages\django\db\backends\utils.py", line 100, in _execute
    with self.db.wrap_database_errors:
         ^^^^^^^^^^^^^^^^^^^^^^^^^^^^
  File "C:\Users\haith\AppData\Local\Programs\Python\Python312\Lib\site-packages\django\db\utils.py", line 94, in __exit__
    raise dj_exc_value.with_traceback(traceback) from exc_value
  File "C:\Users\haith\AppData\Local\Programs\Python\Python312\Lib\site-packages\django\db\backends\utils.py", line 105, in _execute
    return self.cursor.execute(sql, params)
           ^^^^^^^^^^^^^^^^^^^^^^^^^^^^^^^^
  File "C:\Users\haith\AppData\Local\Programs\Python\Python312\Lib\site-packages\django\db\backends\mysql\base.py", line 78, in execute
    return self.cursor.execute(query, args)
           ^^^^^^^^^^^^^^^^^^^^^^^^^^^^^^^^
  File "C:\Users\haith\AppData\Local\Programs\Python\Python312\Lib\site-packages\MySQLdb\cursors.py", line 179, in execute
    res = self._query(mogrified_query)
          ^^^^^^^^^^^^^^^^^^^^^^^^^^^^
  File "C:\Users\haith\AppData\Local\Programs\Python\Python312\Lib\site-packages\MySQLdb\cursors.py", line 330, in _query
    db.query(q)
  File "C:\Users\haith\AppData\Local\Programs\Python\Python312\Lib\site-packages\MySQLdb\connections.py", line 280, in query
    _mysql.connection.query(self, query)
django.db.utils.IntegrityError: (1062, "Duplicate entry '10-6' for key 'wishlists.wishlists_user_id_game_id_162cfa6c_uniq'")
Internal Server Error: /api/games/wishlist/
Traceback (most recent call last):
  File "C:\Users\haith\AppData\Local\Programs\Python\Python312\Lib\site-packages\django\db\backends\utils.py", line 105, in _execute
    return self.cursor.execute(sql, params)
           ^^^^^^^^^^^^^^^^^^^^^^^^^^^^^^^^
  File "C:\Users\haith\AppData\Local\Programs\Python\Python312\Lib\site-packages\django\db\backends\mysql\base.py", line 78, in execute
    return self.cursor.execute(query, args)
           ^^^^^^^^^^^^^^^^^^^^^^^^^^^^^^^^
  File "C:\Users\haith\AppData\Local\Programs\Python\Python312\Lib\site-packages\MySQLdb\cursors.py", line 179, in execute
    res = self._query(mogrified_query)
          ^^^^^^^^^^^^^^^^^^^^^^^^^^^^
  File "C:\Users\haith\AppData\Local\Programs\Python\Python312\Lib\site-packages\MySQLdb\cursors.py", line 330, in _query
    db.query(q)
  File "C:\Users\haith\AppData\Local\Programs\Python\Python312\Lib\site-packages\MySQLdb\connections.py", line 280, in query
    _mysql.connection.query(self, query)
MySQLdb.IntegrityError: (1062, "Duplicate entry '10-6' for key 'wishlists.wishlists_user_id_game_id_162cfa6c_uniq'")

The above exception was the direct cause of the following exception:

Traceback (most recent call last):
  File "C:\Users\haith\AppData\Local\Programs\Python\Python312\Lib\site-packages\django\core\handlers\exception.py", line 55, in inner
    response = get_response(request)
               ^^^^^^^^^^^^^^^^^^^^^
  File "C:\Users\haith\AppData\Local\Programs\Python\Python312\Lib\site-packages\django\core\handlers\base.py", line 198, in _get_response
    response = wrapped_callback(request, *callback_args, **callback_kwargs)
               ^^^^^^^^^^^^^^^^^^^^^^^^^^^^^^^^^^^^^^^^^^^^^^^^^^^^^^^^^^^^
  File "C:\Users\haith\AppData\Local\Programs\Python\Python312\Lib\site-packages\django\views\decorators\csrf.py", line 65, in _view_wrapper
    return view_func(request, *args, **kwargs)
           ^^^^^^^^^^^^^^^^^^^^^^^^^^^^^^^^^^^
  File "C:\Users\haith\AppData\Local\Programs\Python\Python312\Lib\site-packages\django\views\generic\base.py", line 106, in view
    return self.dispatch(request, *args, **kwargs)
           ^^^^^^^^^^^^^^^^^^^^^^^^^^^^^^^^^^^^^^^
  File "C:\Users\haith\AppData\Local\Programs\Python\Python312\Lib\site-packages\rest_framework\views.py", line 515, in dispatch
    response = self.handle_exception(exc)
               ^^^^^^^^^^^^^^^^^^^^^^^^^^
  File "C:\Users\haith\AppData\Local\Programs\Python\Python312\Lib\site-packages\rest_framework\views.py", line 475, in handle_exception
    self.raise_uncaught_exception(exc)
  File "C:\Users\haith\AppData\Local\Programs\Python\Python312\Lib\site-packages\rest_framework\views.py", line 486, in raise_uncaught_exception
    raise exc
  File "C:\Users\haith\AppData\Local\Programs\Python\Python312\Lib\site-packages\rest_framework\views.py", line 512, in dispatch
    response = handler(request, *args, **kwargs)
               ^^^^^^^^^^^^^^^^^^^^^^^^^^^^^^^^^
  File "C:\Users\haith\AppData\Local\Programs\Python\Python312\Lib\site-packages\rest_framework\generics.py", line 246, in post
    return self.create(request, *args, **kwargs)
           ^^^^^^^^^^^^^^^^^^^^^^^^^^^^^^^^^^^^^
  File "C:\Users\haith\AppData\Local\Programs\Python\Python312\Lib\site-packages\rest_framework\mixins.py", line 19, in create
    self.perform_create(serializer)
  File "C:\Users\haith\OneDrive\Bureau\dev port\backend\games\views.py", line 79, in perform_create
    serializer.save(user=self.request.user)
  File "C:\Users\haith\AppData\Local\Programs\Python\Python312\Lib\site-packages\rest_framework\serializers.py", line 210, in save
    self.instance = self.create(validated_data)
                    ^^^^^^^^^^^^^^^^^^^^^^^^^^^
  File "C:\Users\haith\AppData\Local\Programs\Python\Python312\Lib\site-packages\rest_framework\serializers.py", line 991, in create
    instance = ModelClass._default_manager.create(**validated_data)
               ^^^^^^^^^^^^^^^^^^^^^^^^^^^^^^^^^^^^^^^^^^^^^^^^^^^^
  File "C:\Users\haith\AppData\Local\Programs\Python\Python312\Lib\site-packages\django\db\models\manager.py", line 87, in manager_method
    return getattr(self.get_queryset(), name)(*args, **kwargs)
           ^^^^^^^^^^^^^^^^^^^^^^^^^^^^^^^^^^^^^^^^^^^^^^^^^^^
  File "C:\Users\haith\AppData\Local\Programs\Python\Python312\Lib\site-packages\django\db\models\query.py", line 669, in create
    obj.save(force_insert=True, using=self.db)
  File "C:\Users\haith\AppData\Local\Programs\Python\Python312\Lib\site-packages\django\db\models\base.py", line 874, in save
    self.save_base(
  File "C:\Users\haith\AppData\Local\Programs\Python\Python312\Lib\site-packages\django\db\models\base.py", line 966, in save_base
    updated = self._save_table(
              ^^^^^^^^^^^^^^^^^
  File "C:\Users\haith\AppData\Local\Programs\Python\Python312\Lib\site-packages\django\db\models\base.py", line 1169, in _save_table
    results = self._do_insert(
              ^^^^^^^^^^^^^^^^
  File "C:\Users\haith\AppData\Local\Programs\Python\Python312\Lib\site-packages\django\db\models\base.py", line 1220, in _do_insert
    return manager._insert(
           ^^^^^^^^^^^^^^^^
  File "C:\Users\haith\AppData\Local\Programs\Python\Python312\Lib\site-packages\django\db\models\manager.py", line 87, in manager_method
    return getattr(self.get_queryset(), name)(*args, **kwargs)
           ^^^^^^^^^^^^^^^^^^^^^^^^^^^^^^^^^^^^^^^^^^^^^^^^^^^
  File "C:\Users\haith\AppData\Local\Programs\Python\Python312\Lib\site-packages\django\db\models\query.py", line 1918, in _insert
    return query.get_compiler(using=using).execute_sql(returning_fields)
           ^^^^^^^^^^^^^^^^^^^^^^^^^^^^^^^^^^^^^^^^^^^^^^^^^^^^^^^^^^^^^
  File "C:\Users\haith\AppData\Local\Programs\Python\Python312\Lib\site-packages\django\db\models\sql\compiler.py", line 1925, in execute_sql
    cursor.execute(sql, params)
  File "C:\Users\haith\AppData\Local\Programs\Python\Python312\Lib\site-packages\django\db\backends\utils.py", line 122, in execute
    return super().execute(sql, params)
           ^^^^^^^^^^^^^^^^^^^^^^^^^^^^
  File "C:\Users\haith\AppData\Local\Programs\Python\Python312\Lib\site-packages\django\db\backends\utils.py", line 79, in execute
    return self._execute_with_wrappers(
           ^^^^^^^^^^^^^^^^^^^^^^^^^^^^
  File "C:\Users\haith\AppData\Local\Programs\Python\Python312\Lib\site-packages\django\db\backends\utils.py", line 92, in _execute_with_wrappers
    return executor(sql, params, many, context)
           ^^^^^^^^^^^^^^^^^^^^^^^^^^^^^^^^^^^^
  File "C:\Users\haith\AppData\Local\Programs\Python\Python312\Lib\site-packages\django\db\backends\utils.py", line 100, in _execute
    with self.db.wrap_database_errors:
         ^^^^^^^^^^^^^^^^^^^^^^^^^^^^
  File "C:\Users\haith\AppData\Local\Programs\Python\Python312\Lib\site-packages\django\db\utils.py", line 94, in __exit__
    raise dj_exc_value.with_traceback(traceback) from exc_value
  File "C:\Users\haith\AppData\Local\Programs\Python\Python312\Lib\site-packages\django\db\backends\utils.py", line 105, in _execute
    return self.cursor.execute(sql, params)
           ^^^^^^^^^^^^^^^^^^^^^^^^^^^^^^^^
  File "C:\Users\haith\AppData\Local\Programs\Python\Python312\Lib\site-packages\django\db\backends\mysql\base.py", line 78, in execute
    return self.cursor.execute(query, args)
           ^^^^^^^^^^^^^^^^^^^^^^^^^^^^^^^^
  File "C:\Users\haith\AppData\Local\Programs\Python\Python312\Lib\site-packages\MySQLdb\cursors.py", line 179, in execute
    res = self._query(mogrified_query)
          ^^^^^^^^^^^^^^^^^^^^^^^^^^^^
  File "C:\Users\haith\AppData\Local\Programs\Python\Python312\Lib\site-packages\MySQLdb\cursors.py", line 330, in _query
    db.query(q)
  File "C:\Users\haith\AppData\Local\Programs\Python\Python312\Lib\site-packages\MySQLdb\connections.py", line 280, in query
    _mysql.connection.query(self, query)
django.db.utils.IntegrityError: (1062, "Duplicate entry '10-6' for key 'wishlists.wishlists_user_id_game_id_162cfa6c_uniq'")
Internal Server Error: /api/games/wishlist/
Traceback (most recent call last):
  File "C:\Users\haith\AppData\Local\Programs\Python\Python312\Lib\site-packages\django\db\backends\utils.py", line 105, in _execute
    return self.cursor.execute(sql, params)
           ^^^^^^^^^^^^^^^^^^^^^^^^^^^^^^^^
  File "C:\Users\haith\AppData\Local\Programs\Python\Python312\Lib\site-packages\django\db\backends\mysql\base.py", line 78, in execute
    return self.cursor.execute(query, args)
           ^^^^^^^^^^^^^^^^^^^^^^^^^^^^^^^^
  File "C:\Users\haith\AppData\Local\Programs\Python\Python312\Lib\site-packages\MySQLdb\cursors.py", line 179, in execute
    res = self._query(mogrified_query)
          ^^^^^^^^^^^^^^^^^^^^^^^^^^^^
  File "C:\Users\haith\AppData\Local\Programs\Python\Python312\Lib\site-packages\MySQLdb\cursors.py", line 330, in _query
    db.query(q)
  File "C:\Users\haith\AppData\Local\Programs\Python\Python312\Lib\site-packages\MySQLdb\connections.py", line 280, in query
    _mysql.connection.query(self, query)
MySQLdb.IntegrityError: (1062, "Duplicate entry '10-6' for key 'wishlists.wishlists_user_id_game_id_162cfa6c_uniq'")

The above exception was the direct cause of the following exception:

Traceback (most recent call last):
  File "C:\Users\haith\AppData\Local\Programs\Python\Python312\Lib\site-packages\django\core\handlers\exception.py", line 55, in inner
    response = get_response(request)
               ^^^^^^^^^^^^^^^^^^^^^
  File "C:\Users\haith\AppData\Local\Programs\Python\Python312\Lib\site-packages\django\core\handlers\base.py", line 198, in _get_response
    response = wrapped_callback(request, *callback_args, **callback_kwargs)
               ^^^^^^^^^^^^^^^^^^^^^^^^^^^^^^^^^^^^^^^^^^^^^^^^^^^^^^^^^^^^
  File "C:\Users\haith\AppData\Local\Programs\Python\Python312\Lib\site-packages\django\views\decorators\csrf.py", line 65, in _view_wrapper
    return view_func(request, *args, **kwargs)
           ^^^^^^^^^^^^^^^^^^^^^^^^^^^^^^^^^^^
  File "C:\Users\haith\AppData\Local\Programs\Python\Python312\Lib\site-packages\django\views\generic\base.py", line 106, in view
    return self.dispatch(request, *args, **kwargs)
           ^^^^^^^^^^^^^^^^^^^^^^^^^^^^^^^^^^^^^^^
  File "C:\Users\haith\AppData\Local\Programs\Python\Python312\Lib\site-packages\rest_framework\views.py", line 515, in dispatch
    response = self.handle_exception(exc)
               ^^^^^^^^^^^^^^^^^^^^^^^^^^
  File "C:\Users\haith\AppData\Local\Programs\Python\Python312\Lib\site-packages\rest_framework\views.py", line 475, in handle_exception
    self.raise_uncaught_exception(exc)
  File "C:\Users\haith\AppData\Local\Programs\Python\Python312\Lib\site-packages\rest_framework\views.py", line 486, in raise_uncaught_exception
    raise exc
  File "C:\Users\haith\AppData\Local\Programs\Python\Python312\Lib\site-packages\rest_framework\views.py", line 512, in dispatch
    response = handler(request, *args, **kwargs)
               ^^^^^^^^^^^^^^^^^^^^^^^^^^^^^^^^^
  File "C:\Users\haith\AppData\Local\Programs\Python\Python312\Lib\site-packages\rest_framework\generics.py", line 246, in post
    return self.create(request, *args, **kwargs)
           ^^^^^^^^^^^^^^^^^^^^^^^^^^^^^^^^^^^^^
  File "C:\Users\haith\AppData\Local\Programs\Python\Python312\Lib\site-packages\rest_framework\mixins.py", line 19, in create
    self.perform_create(serializer)
  File "C:\Users\haith\OneDrive\Bureau\dev port\backend\games\views.py", line 79, in perform_create
    serializer.save(user=self.request.user)
  File "C:\Users\haith\AppData\Local\Programs\Python\Python312\Lib\site-packages\rest_framework\serializers.py", line 210, in save
    self.instance = self.create(validated_data)
                    ^^^^^^^^^^^^^^^^^^^^^^^^^^^
  File "C:\Users\haith\AppData\Local\Programs\Python\Python312\Lib\site-packages\rest_framework\serializers.py", line 991, in create
    instance = ModelClass._default_manager.create(**validated_data)
               ^^^^^^^^^^^^^^^^^^^^^^^^^^^^^^^^^^^^^^^^^^^^^^^^^^^^
  File "C:\Users\haith\AppData\Local\Programs\Python\Python312\Lib\site-packages\django\db\models\manager.py", line 87, in manager_method
    return getattr(self.get_queryset(), name)(*args, **kwargs)
           ^^^^^^^^^^^^^^^^^^^^^^^^^^^^^^^^^^^^^^^^^^^^^^^^^^^
  File "C:\Users\haith\AppData\Local\Programs\Python\Python312\Lib\site-packages\django\db\models\query.py", line 669, in create
    obj.save(force_insert=True, using=self.db)
  File "C:\Users\haith\AppData\Local\Programs\Python\Python312\Lib\site-packages\django\db\models\base.py", line 874, in save
    self.save_base(
  File "C:\Users\haith\AppData\Local\Programs\Python\Python312\Lib\site-packages\django\db\models\base.py", line 966, in save_base
    updated = self._save_table(
              ^^^^^^^^^^^^^^^^^
  File "C:\Users\haith\AppData\Local\Programs\Python\Python312\Lib\site-packages\django\db\models\base.py", line 1169, in _save_table
    results = self._do_insert(
              ^^^^^^^^^^^^^^^^
  File "C:\Users\haith\AppData\Local\Programs\Python\Python312\Lib\site-packages\django\db\models\base.py", line 1220, in _do_insert
    return manager._insert(
           ^^^^^^^^^^^^^^^^
  File "C:\Users\haith\AppData\Local\Programs\Python\Python312\Lib\site-packages\django\db\models\manager.py", line 87, in manager_method
    return getattr(self.get_queryset(), name)(*args, **kwargs)
           ^^^^^^^^^^^^^^^^^^^^^^^^^^^^^^^^^^^^^^^^^^^^^^^^^^^
  File "C:\Users\haith\AppData\Local\Programs\Python\Python312\Lib\site-packages\django\db\models\query.py", line 1918, in _insert
    return query.get_compiler(using=using).execute_sql(returning_fields)
           ^^^^^^^^^^^^^^^^^^^^^^^^^^^^^^^^^^^^^^^^^^^^^^^^^^^^^^^^^^^^^
  File "C:\Users\haith\AppData\Local\Programs\Python\Python312\Lib\site-packages\django\db\models\sql\compiler.py", line 1925, in execute_sql
    cursor.execute(sql, params)
  File "C:\Users\haith\AppData\Local\Programs\Python\Python312\Lib\site-packages\django\db\backends\utils.py", line 122, in execute
    return super().execute(sql, params)
           ^^^^^^^^^^^^^^^^^^^^^^^^^^^^
  File "C:\Users\haith\AppData\Local\Programs\Python\Python312\Lib\site-packages\django\db\backends\utils.py", line 79, in execute
    return self._execute_with_wrappers(
           ^^^^^^^^^^^^^^^^^^^^^^^^^^^^
  File "C:\Users\haith\AppData\Local\Programs\Python\Python312\Lib\site-packages\django\db\backends\utils.py", line 92, in _execute_with_wrappers
    return executor(sql, params, many, context)
           ^^^^^^^^^^^^^^^^^^^^^^^^^^^^^^^^^^^^
  File "C:\Users\haith\AppData\Local\Programs\Python\Python312\Lib\site-packages\django\db\backends\utils.py", line 100, in _execute
    with self.db.wrap_database_errors:
         ^^^^^^^^^^^^^^^^^^^^^^^^^^^^
  File "C:\Users\haith\AppData\Local\Programs\Python\Python312\Lib\site-packages\django\db\utils.py", line 94, in __exit__
    raise dj_exc_value.with_traceback(traceback) from exc_value
  File "C:\Users\haith\AppData\Local\Programs\Python\Python312\Lib\site-packages\django\db\backends\utils.py", line 105, in _execute
    return self.cursor.execute(sql, params)
           ^^^^^^^^^^^^^^^^^^^^^^^^^^^^^^^^
  File "C:\Users\haith\AppData\Local\Programs\Python\Python312\Lib\site-packages\django\db\backends\mysql\base.py", line 78, in execute
    return self.cursor.execute(query, args)
           ^^^^^^^^^^^^^^^^^^^^^^^^^^^^^^^^
  File "C:\Users\haith\AppData\Local\Programs\Python\Python312\Lib\site-packages\MySQLdb\cursors.py", line 179, in execute
    res = self._query(mogrified_query)
          ^^^^^^^^^^^^^^^^^^^^^^^^^^^^
  File "C:\Users\haith\AppData\Local\Programs\Python\Python312\Lib\site-packages\MySQLdb\cursors.py", line 330, in _query
    db.query(q)
  File "C:\Users\haith\AppData\Local\Programs\Python\Python312\Lib\site-packages\MySQLdb\connections.py", line 280, in query
    _mysql.connection.query(self, query)
django.db.utils.IntegrityError: (1062, "Duplicate entry '10-6' for key 'wishlists.wishlists_user_id_game_id_162cfa6c_uniq'")
Internal Server Error: /api/games/wishlist/
Traceback (most recent call last):
  File "C:\Users\haith\AppData\Local\Programs\Python\Python312\Lib\site-packages\django\db\backends\utils.py", line 105, in _execute
    return self.cursor.execute(sql, params)
           ^^^^^^^^^^^^^^^^^^^^^^^^^^^^^^^^
  File "C:\Users\haith\AppData\Local\Programs\Python\Python312\Lib\site-packages\django\db\backends\mysql\base.py", line 78, in execute
    return self.cursor.execute(query, args)
           ^^^^^^^^^^^^^^^^^^^^^^^^^^^^^^^^
  File "C:\Users\haith\AppData\Local\Programs\Python\Python312\Lib\site-packages\MySQLdb\cursors.py", line 179, in execute
    res = self._query(mogrified_query)
          ^^^^^^^^^^^^^^^^^^^^^^^^^^^^
  File "C:\Users\haith\AppData\Local\Programs\Python\Python312\Lib\site-packages\MySQLdb\cursors.py", line 330, in _query
    db.query(q)
  File "C:\Users\haith\AppData\Local\Programs\Python\Python312\Lib\site-packages\MySQLdb\connections.py", line 280, in query
    _mysql.connection.query(self, query)
MySQLdb.IntegrityError: (1062, "Duplicate entry '10-6' for key 'wishlists.wishlists_user_id_game_id_162cfa6c_uniq'")

The above exception was the direct cause of the following exception:

Traceback (most recent call last):
  File "C:\Users\haith\AppData\Local\Programs\Python\Python312\Lib\site-packages\django\core\handlers\exception.py", line 55, in inner
    response = get_response(request)
               ^^^^^^^^^^^^^^^^^^^^^
  File "C:\Users\haith\AppData\Local\Programs\Python\Python312\Lib\site-packages\django\core\handlers\base.py", line 198, in _get_response
    response = wrapped_callback(request, *callback_args, **callback_kwargs)
               ^^^^^^^^^^^^^^^^^^^^^^^^^^^^^^^^^^^^^^^^^^^^^^^^^^^^^^^^^^^^
  File "C:\Users\haith\AppData\Local\Programs\Python\Python312\Lib\site-packages\django\views\decorators\csrf.py", line 65, in _view_wrapper
    return view_func(request, *args, **kwargs)
           ^^^^^^^^^^^^^^^^^^^^^^^^^^^^^^^^^^^
  File "C:\Users\haith\AppData\Local\Programs\Python\Python312\Lib\site-packages\django\views\generic\base.py", line 106, in view
    return self.dispatch(request, *args, **kwargs)
           ^^^^^^^^^^^^^^^^^^^^^^^^^^^^^^^^^^^^^^^
  File "C:\Users\haith\AppData\Local\Programs\Python\Python312\Lib\site-packages\rest_framework\views.py", line 515, in dispatch
    response = self.handle_exception(exc)
               ^^^^^^^^^^^^^^^^^^^^^^^^^^
  File "C:\Users\haith\AppData\Local\Programs\Python\Python312\Lib\site-packages\rest_framework\views.py", line 475, in handle_exception
    self.raise_uncaught_exception(exc)
  File "C:\Users\haith\AppData\Local\Programs\Python\Python312\Lib\site-packages\rest_framework\views.py", line 486, in raise_uncaught_exception
    raise exc
  File "C:\Users\haith\AppData\Local\Programs\Python\Python312\Lib\site-packages\rest_framework\views.py", line 512, in dispatch
    response = handler(request, *args, **kwargs)
               ^^^^^^^^^^^^^^^^^^^^^^^^^^^^^^^^^
  File "C:\Users\haith\AppData\Local\Programs\Python\Python312\Lib\site-packages\rest_framework\generics.py", line 246, in post
    return self.create(request, *args, **kwargs)
           ^^^^^^^^^^^^^^^^^^^^^^^^^^^^^^^^^^^^^
  File "C:\Users\haith\AppData\Local\Programs\Python\Python312\Lib\site-packages\rest_framework\mixins.py", line 19, in create
    self.perform_create(serializer)
  File "C:\Users\haith\OneDrive\Bureau\dev port\backend\games\views.py", line 79, in perform_create
    serializer.save(user=self.request.user)
  File "C:\Users\haith\AppData\Local\Programs\Python\Python312\Lib\site-packages\rest_framework\serializers.py", line 210, in save
    self.instance = self.create(validated_data)
                    ^^^^^^^^^^^^^^^^^^^^^^^^^^^
  File "C:\Users\haith\AppData\Local\Programs\Python\Python312\Lib\site-packages\rest_framework\serializers.py", line 991, in create
    instance = ModelClass._default_manager.create(**validated_data)
               ^^^^^^^^^^^^^^^^^^^^^^^^^^^^^^^^^^^^^^^^^^^^^^^^^^^^
  File "C:\Users\haith\AppData\Local\Programs\Python\Python312\Lib\site-packages\django\db\models\manager.py", line 87, in manager_method
    return getattr(self.get_queryset(), name)(*args, **kwargs)
           ^^^^^^^^^^^^^^^^^^^^^^^^^^^^^^^^^^^^^^^^^^^^^^^^^^^
  File "C:\Users\haith\AppData\Local\Programs\Python\Python312\Lib\site-packages\django\db\models\query.py", line 669, in create
    obj.save(force_insert=True, using=self.db)
  File "C:\Users\haith\AppData\Local\Programs\Python\Python312\Lib\site-packages\django\db\models\base.py", line 874, in save
    self.save_base(
  File "C:\Users\haith\AppData\Local\Programs\Python\Python312\Lib\site-packages\django\db\models\base.py", line 966, in save_base
    updated = self._save_table(
              ^^^^^^^^^^^^^^^^^
  File "C:\Users\haith\AppData\Local\Programs\Python\Python312\Lib\site-packages\django\db\models\base.py", line 1169, in _save_table
    results = self._do_insert(
              ^^^^^^^^^^^^^^^^
  File "C:\Users\haith\AppData\Local\Programs\Python\Python312\Lib\site-packages\django\db\models\base.py", line 1220, in _do_insert
    return manager._insert(
           ^^^^^^^^^^^^^^^^
  File "C:\Users\haith\AppData\Local\Programs\Python\Python312\Lib\site-packages\django\db\models\manager.py", line 87, in manager_method
    return getattr(self.get_queryset(), name)(*args, **kwargs)
           ^^^^^^^^^^^^^^^^^^^^^^^^^^^^^^^^^^^^^^^^^^^^^^^^^^^
  File "C:\Users\haith\AppData\Local\Programs\Python\Python312\Lib\site-packages\django\db\models\query.py", line 1918, in _insert
    return query.get_compiler(using=using).execute_sql(returning_fields)
           ^^^^^^^^^^^^^^^^^^^^^^^^^^^^^^^^^^^^^^^^^^^^^^^^^^^^^^^^^^^^^
  File "C:\Users\haith\AppData\Local\Programs\Python\Python312\Lib\site-packages\django\db\models\sql\compiler.py", line 1925, in execute_sql
    cursor.execute(sql, params)
  File "C:\Users\haith\AppData\Local\Programs\Python\Python312\Lib\site-packages\django\db\backends\utils.py", line 122, in execute
    return super().execute(sql, params)
           ^^^^^^^^^^^^^^^^^^^^^^^^^^^^
  File "C:\Users\haith\AppData\Local\Programs\Python\Python312\Lib\site-packages\django\db\backends\utils.py", line 79, in execute
    return self._execute_with_wrappers(
           ^^^^^^^^^^^^^^^^^^^^^^^^^^^^
  File "C:\Users\haith\AppData\Local\Programs\Python\Python312\Lib\site-packages\django\db\backends\utils.py", line 92, in _execute_with_wrappers
    return executor(sql, params, many, context)
           ^^^^^^^^^^^^^^^^^^^^^^^^^^^^^^^^^^^^
  File "C:\Users\haith\AppData\Local\Programs\Python\Python312\Lib\site-packages\django\db\backends\utils.py", line 100, in _execute
    with self.db.wrap_database_errors:
         ^^^^^^^^^^^^^^^^^^^^^^^^^^^^
  File "C:\Users\haith\AppData\Local\Programs\Python\Python312\Lib\site-packages\django\db\utils.py", line 94, in __exit__
    raise dj_exc_value.with_traceback(traceback) from exc_value
  File "C:\Users\haith\AppData\Local\Programs\Python\Python312\Lib\site-packages\django\db\backends\utils.py", line 105, in _execute
    return self.cursor.execute(sql, params)
           ^^^^^^^^^^^^^^^^^^^^^^^^^^^^^^^^
  File "C:\Users\haith\AppData\Local\Programs\Python\Python312\Lib\site-packages\django\db\backends\mysql\base.py", line 78, in execute
    return self.cursor.execute(query, args)
           ^^^^^^^^^^^^^^^^^^^^^^^^^^^^^^^^
  File "C:\Users\haith\AppData\Local\Programs\Python\Python312\Lib\site-packages\MySQLdb\cursors.py", line 179, in execute
    res = self._query(mogrified_query)
          ^^^^^^^^^^^^^^^^^^^^^^^^^^^^
  File "C:\Users\haith\AppData\Local\Programs\Python\Python312\Lib\site-packages\MySQLdb\cursors.py", line 330, in _query
    db.query(q)
  File "C:\Users\haith\AppData\Local\Programs\Python\Python312\Lib\site-packages\MySQLdb\connections.py", line 280, in query
    _mysql.connection.query(self, query)
django.db.utils.IntegrityError: (1062, "Duplicate entry '10-6' for key 'wishlists.wishlists_user_id_game_id_162cfa6c_uniq'")
C:\Users\haith\OneDrive\Bureau\dev port\backend\games\views.py changed, reloading.
Watching for file changes with StatReloader
C:\Users\haith\OneDrive\Bureau\dev port\backend\games\views.py changed, reloading.
Watching for file changes with StatReloader
C:\Users\haith\OneDrive\Bureau\dev port\backend\games\views.py changed, reloading.
Watching for file changes with StatReloader
C:\Users\haith\OneDrive\Bureau\dev port\backend\games\serializers.py changed, reloading.
Watching for file changes with StatReloader
Bad Request: /api/games/wishlist/
Bad Request: /api/games/wishlist/
Watching for file changes with StatReloader
C:\Users\haith\OneDrive\Bureau\dev port\backend\users\models.py changed, reloading.
Watching for file changes with StatReloader
C:\Users\haith\OneDrive\Bureau\dev port\backend\users\serializers.py changed, reloading.
Watching for file changes with StatReloader
C:\Users\haith\OneDrive\Bureau\dev port\backend\users\serializers.py changed, reloading.
Watching for file changes with StatReloader
C:\Users\haith\OneDrive\Bureau\dev port\backend\users\views.py changed, reloading.
Watching for file changes with StatReloader
C:\Users\haith\OneDrive\Bureau\dev port\backend\users\urls.py changed, reloading.
Watching for file changes with StatReloader
C:\Users\haith\OneDrive\Bureau\dev port\backend\games\urls.py changed, reloading.
Watching for file changes with StatReloader
C:\Users\haith\OneDrive\Bureau\dev port\backend\games\urls.py changed, reloading.
Watching for file changes with StatReloader
C:\Users\haith\OneDrive\Bureau\dev port\backend\games\urls.py changed, reloading.
Watching for file changes with StatReloader
Internal Server Error: /api/games/7/stats/
Traceback (most recent call last):
  File "C:\Users\haith\AppData\Local\Programs\Python\Python312\Lib\site-packages\django\core\handlers\exception.py", line 55, in inner
    response = get_response(request)
               ^^^^^^^^^^^^^^^^^^^^^
  File "C:\Users\haith\AppData\Local\Programs\Python\Python312\Lib\site-packages\django\core\handlers\base.py", line 198, in _get_response
    response = wrapped_callback(request, *callback_args, **callback_kwargs)
               ^^^^^^^^^^^^^^^^^^^^^^^^^^^^^^^^^^^^^^^^^^^^^^^^^^^^^^^^^^^^
  File "C:\Users\haith\AppData\Local\Programs\Python\Python312\Lib\site-packages\django\views\decorators\csrf.py", line 65, in _view_wrapper
    return view_func(request, *args, **kwargs)
           ^^^^^^^^^^^^^^^^^^^^^^^^^^^^^^^^^^^
  File "C:\Users\haith\AppData\Local\Programs\Python\Python312\Lib\site-packages\django\views\generic\base.py", line 106, in view
    return self.dispatch(request, *args, **kwargs)
           ^^^^^^^^^^^^^^^^^^^^^^^^^^^^^^^^^^^^^^^
  File "C:\Users\haith\AppData\Local\Programs\Python\Python312\Lib\site-packages\rest_framework\views.py", line 515, in dispatch
    response = self.handle_exception(exc)
               ^^^^^^^^^^^^^^^^^^^^^^^^^^
  File "C:\Users\haith\AppData\Local\Programs\Python\Python312\Lib\site-packages\rest_framework\views.py", line 475, in handle_exception
    self.raise_uncaught_exception(exc)
  File "C:\Users\haith\AppData\Local\Programs\Python\Python312\Lib\site-packages\rest_framework\views.py", line 486, in raise_uncaught_exception
    raise exc
  File "C:\Users\haith\AppData\Local\Programs\Python\Python312\Lib\site-packages\rest_framework\views.py", line 512, in dispatch
    response = handler(request, *args, **kwargs)
               ^^^^^^^^^^^^^^^^^^^^^^^^^^^^^^^^^
TypeError: GameStatsView.get() got an unexpected keyword argument 'pk'
Internal Server Error: /api/games/7/stats/
Traceback (most recent call last):
  File "C:\Users\haith\AppData\Local\Programs\Python\Python312\Lib\site-packages\django\core\handlers\exception.py", line 55, in inner
    response = get_response(request)
               ^^^^^^^^^^^^^^^^^^^^^
  File "C:\Users\haith\AppData\Local\Programs\Python\Python312\Lib\site-packages\django\core\handlers\base.py", line 198, in _get_response
    response = wrapped_callback(request, *callback_args, **callback_kwargs)
               ^^^^^^^^^^^^^^^^^^^^^^^^^^^^^^^^^^^^^^^^^^^^^^^^^^^^^^^^^^^^
  File "C:\Users\haith\AppData\Local\Programs\Python\Python312\Lib\site-packages\django\views\decorators\csrf.py", line 65, in _view_wrapper
    return view_func(request, *args, **kwargs)
           ^^^^^^^^^^^^^^^^^^^^^^^^^^^^^^^^^^^
  File "C:\Users\haith\AppData\Local\Programs\Python\Python312\Lib\site-packages\django\views\generic\base.py", line 106, in view
    return self.dispatch(request, *args, **kwargs)
           ^^^^^^^^^^^^^^^^^^^^^^^^^^^^^^^^^^^^^^^
  File "C:\Users\haith\AppData\Local\Programs\Python\Python312\Lib\site-packages\rest_framework\views.py", line 515, in dispatch
    response = self.handle_exception(exc)
               ^^^^^^^^^^^^^^^^^^^^^^^^^^
  File "C:\Users\haith\AppData\Local\Programs\Python\Python312\Lib\site-packages\rest_framework\views.py", line 475, in handle_exception
    self.raise_uncaught_exception(exc)
  File "C:\Users\haith\AppData\Local\Programs\Python\Python312\Lib\site-packages\rest_framework\views.py", line 486, in raise_uncaught_exception
    raise exc
  File "C:\Users\haith\AppData\Local\Programs\Python\Python312\Lib\site-packages\rest_framework\views.py", line 512, in dispatch
    response = handler(request, *args, **kwargs)
               ^^^^^^^^^^^^^^^^^^^^^^^^^^^^^^^^^
TypeError: GameStatsView.get() got an unexpected keyword argument 'pk'
Bad Request: /api/games/
Bad Request: /api/games/
C:\Users\haith\OneDrive\Bureau\dev port\backend\games\views.py changed, reloading.
Watching for file changes with StatReloader
C:\Users\haith\OneDrive\Bureau\dev port\backend\games\serializers.py changed, reloading.
Watching for file changes with StatReloader
Bad Request: /api/games/
Bad Request: /api/games/
Bad Request: /api/games/
Bad Request: /api/games/
Bad Request: /api/games/
Bad Request: /api/games/
Bad Request: /api/games/
Bad Request: /api/games/
Bad Request: /api/games/
C:\Users\haith\OneDrive\Bureau\dev port\backend\games\views.py changed, reloading.
Watching for file changes with StatReloader
C:\Users\haith\OneDrive\Bureau\dev port\backend\games\serializers.py changed, reloading.
Watching for file changes with StatReloader
C:\Users\haith\OneDrive\Bureau\dev port\backend\games\views.py changed, reloading.
Watching for file changes with StatReloader
C:\Users\haith\OneDrive\Bureau\dev port\backend\games\views.py changed, reloading.
Watching for file changes with StatReloader
Internal Server Error: /api/games/9/stats/
Traceback (most recent call last):
  File "C:\Users\haith\AppData\Local\Programs\Python\Python312\Lib\site-packages\django\core\handlers\exception.py", line 55, in inner
    response = get_response(request)
               ^^^^^^^^^^^^^^^^^^^^^
  File "C:\Users\haith\AppData\Local\Programs\Python\Python312\Lib\site-packages\django\core\handlers\base.py", line 198, in _get_response
    response = wrapped_callback(request, *callback_args, **callback_kwargs)
               ^^^^^^^^^^^^^^^^^^^^^^^^^^^^^^^^^^^^^^^^^^^^^^^^^^^^^^^^^^^^
  File "C:\Users\haith\AppData\Local\Programs\Python\Python312\Lib\site-packages\django\views\decorators\csrf.py", line 65, in _view_wrapper
    return view_func(request, *args, **kwargs)
           ^^^^^^^^^^^^^^^^^^^^^^^^^^^^^^^^^^^
  File "C:\Users\haith\AppData\Local\Programs\Python\Python312\Lib\site-packages\django\views\generic\base.py", line 106, in view
    return self.dispatch(request, *args, **kwargs)
           ^^^^^^^^^^^^^^^^^^^^^^^^^^^^^^^^^^^^^^^
  File "C:\Users\haith\AppData\Local\Programs\Python\Python312\Lib\site-packages\rest_framework\views.py", line 515, in dispatch
    response = self.handle_exception(exc)
               ^^^^^^^^^^^^^^^^^^^^^^^^^^
  File "C:\Users\haith\AppData\Local\Programs\Python\Python312\Lib\site-packages\rest_framework\views.py", line 475, in handle_exception
    self.raise_uncaught_exception(exc)
  File "C:\Users\haith\AppData\Local\Programs\Python\Python312\Lib\site-packages\rest_framework\views.py", line 486, in raise_uncaught_exception
    raise exc
  File "C:\Users\haith\AppData\Local\Programs\Python\Python312\Lib\site-packages\rest_framework\views.py", line 512, in dispatch
    response = handler(request, *args, **kwargs)
               ^^^^^^^^^^^^^^^^^^^^^^^^^^^^^^^^^
TypeError: GameStatsView.get() got an unexpected keyword argument 'pk'
Internal Server Error: /api/games/9/stats/
Traceback (most recent call last):
  File "C:\Users\haith\AppData\Local\Programs\Python\Python312\Lib\site-packages\django\core\handlers\exception.py", line 55, in inner
    response = get_response(request)
               ^^^^^^^^^^^^^^^^^^^^^
  File "C:\Users\haith\AppData\Local\Programs\Python\Python312\Lib\site-packages\django\core\handlers\base.py", line 198, in _get_response
    response = wrapped_callback(request, *callback_args, **callback_kwargs)
               ^^^^^^^^^^^^^^^^^^^^^^^^^^^^^^^^^^^^^^^^^^^^^^^^^^^^^^^^^^^^
  File "C:\Users\haith\AppData\Local\Programs\Python\Python312\Lib\site-packages\django\views\decorators\csrf.py", line 65, in _view_wrapper
    return view_func(request, *args, **kwargs)
           ^^^^^^^^^^^^^^^^^^^^^^^^^^^^^^^^^^^
  File "C:\Users\haith\AppData\Local\Programs\Python\Python312\Lib\site-packages\django\views\generic\base.py", line 106, in view
    return self.dispatch(request, *args, **kwargs)
           ^^^^^^^^^^^^^^^^^^^^^^^^^^^^^^^^^^^^^^^
  File "C:\Users\haith\AppData\Local\Programs\Python\Python312\Lib\site-packages\rest_framework\views.py", line 515, in dispatch
    response = self.handle_exception(exc)
               ^^^^^^^^^^^^^^^^^^^^^^^^^^
  File "C:\Users\haith\AppData\Local\Programs\Python\Python312\Lib\site-packages\rest_framework\views.py", line 475, in handle_exception
    self.raise_uncaught_exception(exc)
  File "C:\Users\haith\AppData\Local\Programs\Python\Python312\Lib\site-packages\rest_framework\views.py", line 486, in raise_uncaught_exception
    raise exc
  File "C:\Users\haith\AppData\Local\Programs\Python\Python312\Lib\site-packages\rest_framework\views.py", line 512, in dispatch
    response = handler(request, *args, **kwargs)
               ^^^^^^^^^^^^^^^^^^^^^^^^^^^^^^^^^
TypeError: GameStatsView.get() got an unexpected keyword argument 'pk'
Not Found: /favicon.ico
C:\Users\haith\OneDrive\Bureau\dev port\backend\games\views.py changed, reloading.
Watching for file changes with StatReloader
C:\Users\haith\OneDrive\Bureau\dev port\backend\reviews\models.py changed, reloading.
Watching for file changes with StatReloader
C:\Users\haith\OneDrive\Bureau\dev port\backend\reviews\models.py changed, reloading.
Watching for file changes with StatReloader
C:\Users\haith\OneDrive\Bureau\dev port\backend\reviews\models.py changed, reloading.
Watching for file changes with StatReloader
C:\Users\haith\OneDrive\Bureau\dev port\backend\reviews\serializers.py changed, reloading.
Watching for file changes with StatReloader
C:\Users\haith\OneDrive\Bureau\dev port\backend\reviews\views.py changed, reloading.
Watching for file changes with StatReloader
C:\Users\haith\OneDrive\Bureau\dev port\backend\reviews\urls.py changed, reloading.
Watching for file changes with StatReloader
C:\Users\haith\OneDrive\Bureau\dev port\backend\reviews\views.py changed, reloading.
Watching for file changes with StatReloader
C:\Users\haith\OneDrive\Bureau\dev port\backend\reviews\serializers.py changed, reloading.
Watching for file changes with StatReloader
Bad Request: /api/reviews/21/helpful/
Unauthorized: /api/users/login/
C:\Users\haith\OneDrive\Bureau\dev port\backend\users\views.py changed, reloading.
Watching for file changes with StatReloader
C:\Users\haith\OneDrive\Bureau\dev port\backend\users\views.py changed, reloading.
Watching for file changes with StatReloader
C:\Users\haith\OneDrive\Bureau\dev port\backend\users\views.py changed, reloading.
Watching for file changes with StatReloader
C:\Users\haith\OneDrive\Bureau\dev port\backend\users\views.py changed, reloading.
Watching for file changes with StatReloader
C:\Users\haith\OneDrive\Bureau\dev port\backend\users\views.py changed, reloading.
Watching for file changes with StatReloader
C:\Users\haith\OneDrive\Bureau\dev port\backend\users\views.py changed, reloading.
Watching for file changes with StatReloader
C:\Users\haith\OneDrive\Bureau\dev port\backend\users\urls.py changed, reloading.
Watching for file changes with StatReloader
C:\Users\haith\OneDrive\Bureau\dev port\backend\users\urls.py changed, reloading.
Watching for file changes with StatReloader
C:\Users\haith\OneDrive\Bureau\dev port\backend\users\views.py changed, reloading.
Watching for file changes with StatReloader
C:\Users\haith\OneDrive\Bureau\dev port\backend\users\urls.py changed, reloading.
Watching for file changes with StatReloader
C:\Users\haith\OneDrive\Bureau\dev port\backend\users\urls.py changed, reloading.
Watching for file changes with StatReloader
C:\Users\haith\OneDrive\Bureau\dev port\backend\users\urls.py changed, reloading.
Watching for file changes with StatReloader
C:\Users\haith\OneDrive\Bureau\dev port\backend\users\views.py changed, reloading.
Watching for file changes with StatReloader
C:\Users\haith\OneDrive\Bureau\dev port\backend\users\views.py changed, reloading.
Watching for file changes with StatReloader
C:\Users\haith\OneDrive\Bureau\dev port\backend\users\views.py changed, reloading.
Watching for file changes with StatReloader
message='Request to Stripe api' method=post url=https://api.stripe.com/v1/payment_intents
message='Stripe API response' path=https://api.stripe.com/v1/payment_intents response_code=200
message='Request to Stripe api' method=get url=https://api.stripe.com/v1/payment_intents/pi_3TFFyoCzEbCTE7nO0SQ8UUJU
message='Stripe API response' path=https://api.stripe.com/v1/payment_intents/pi_3TFFyoCzEbCTE7nO0SQ8UUJU response_code=200
